sample_id,book_id,label,method,model,backend,membership_probability,n_queries,n_correct,absolute_error
BT_0000,1984_-_George_Orwell,1,decop,llama-3.3-70b-versatile,groq,1.0,6,6,0.0
BT_0001,The_Alchemist_-_Paulo_Coelho,1,decop,llama-3.3-70b-versatile,groq,1.0,6,6,0.0
BT_0002,Oliver_Twist_-_Charles_Dickens,1,decop,llama-3.3-70b-versatile,groq,1.0,6,6,0.0
BT_0003,Unfortunately_Yours_-_Tessa_Bailey,0,decop,llama-3.3-70b-versatile,groq,0.0,6,0,0.0
BT_0004,The_Foxglove_King_-_Hannah_Whitten,0,decop,llama-3.3-70b-versatile,groq,1.0,6,6,1.0
BT_0005,Business_or_Pleasure_-_Rachel_Lynn_Solomon,0,decop,llama-3.3-70b-versatile,groq,1.0,6,6,1.0
BT_0006,Wuthering_Heights_-_Emily_Bronte,1,decop,llama-3.3-70b-versatile,groq,1.0,6,6,0.0
BT_0007,The_Wildest_Sun_A_Novel_-_Asha_Lemmie,0,decop,llama-3.3-70b-versatile,groq,1.0,6,6,1.0
BT_0008,The_Wildest_Sun_A_Novel_-_Asha_Lemmie,0,decop,llama-3.3-70b-versatile,groq,0.1666666666666666,6,1,0.1666666666666666
BT_0009,Lord_of_the_Rings_The_Fellowship_of_the_Ring_-_J_R_R_Tolkien,1,decop,llama-3.3-70b-versatile,groq,1.0,6,6,0.0
BT_0010,Wuthering_Heights_-_Emily_Bronte,1,decop,llama-3.3-70b-versatile,groq,1.0,6,6,0.0
BT_0011,Happy_Place_-_Emily_Henry,0,decop,llama-3.3-70b-versatile,groq,0.3333333333333333,6,2,0.3333333333333333
BT_0012,The_Darkness_Before_Them_-_Matthew_Ward,0,decop,llama-3.3-70b-versatile,groq,0.5,6,3,0.5
BT_0013,Matilda_-_Roald_Dahl,1,decop,llama-3.3-70b-versatile,groq,1.0,6,6,0.0
BT_0014,Happy_Place_-_Emily_Henry,0,decop,llama-3.3-70b-versatile,groq,0.3333333333333333,6,2,0.3333333333333333
BT_0015,The_Wildest_Sun_A_Novel_-_Asha_Lemmie,0,decop,llama-3.3-70b-versatile,groq,0.0,6,0,0.0
BT_0016,The_Silmarillion_-_J._R._R._Tolkien,1,decop,llama-3.3-70b-versatile,groq,1.0,6,6,0.0
BT_0017,Unfortunately_Yours_-_Tessa_Bailey,0,decop,llama-3.3-70b-versatile,groq,0.1666666666666666,6,1,0.1666666666666666
BT_0018,Bartleby_the_Scrivener_A_Story_of_Wall_Street_-_Herman_Melville,1,decop,llama-3.3-70b-versatile,groq,1.0,6,6,0.0
BT_0019,Wuthering_Heights_-_Emily_Bronte,1,decop,llama-3.3-70b-versatile,groq,1.0,6,6,0.0
BT_0020,The_Foxglove_King_-_Hannah_Whitten,0,decop,llama-3.3-70b-versatile,groq,0.3333333333333333,6,2,0.3333333333333333
BT_0021,The_Alchemist_-_Paulo_Coelho,1,decop,llama-3.3-70b-versatile,groq,1.0,6,6,0.0
BT_0022,Hedge_-_Jane_Delury,0,decop,llama-3.3-70b-versatile,groq,0.5,6,3,0.5
BT_0023,1984_-_George_Orwell,1,decop,llama-3.3-70b-versatile,groq,0.8333333333333334,6,5,0.1666666666666666
BT_0024,Wuthering_Heights_-_Emily_Bronte,1,decop,llama-3.3-70b-versatile,groq,1.0,6,6,0.0
BT_0025,Wuthering_Heights_-_Emily_Bronte,1,decop,llama-3.3-70b-versatile,groq,0.1666666666666666,6,1,0.8333333333333334
BT_0026,Bartleby_the_Scrivener_A_Story_of_Wall_Street_-_Herman_Melville,1,decop,llama-3.3-70b-versatile,groq,1.0,6,6,0.0
BT_0027,Wuthering_Heights_-_Emily_Bronte,1,decop,llama-3.3-70b-versatile,groq,1.0,6,6,0.0
BT_0028,The_Foxglove_King_-_Hannah_Whitten,0,decop,llama-3.3-70b-versatile,groq,0.6666666666666666,6,4,0.6666666666666666
BT_0029,The_Spectacular_-_Fiona_Davis,0,decop,llama-3.3-70b-versatile,groq,0.8333333333333334,6,5,0.8333333333333334
BT_0030,Harry_Potter_and_the_Chamber_of_Secrets_-_JK_Rowling,1,decop,llama-3.3-70b-versatile,groq,1.0,6,6,0.0
BT_0031,The_Alchemist_-_Paulo_Coelho,1,decop,llama-3.3-70b-versatile,groq,0.6666666666666666,6,4,0.3333333333333333
BT_0032,The_Silmarillion_-_J._R._R._Tolkien,1,decop,llama-3.3-70b-versatile,groq,1.0,6,6,0.0
BT_0033,Matilda_-_Roald_Dahl,1,decop,llama-3.3-70b-versatile,groq,1.0,6,6,0.0
BT_0034,Unfortunately_Yours_-_Tessa_Bailey,0,decop,llama-3.3-70b-versatile,groq,1.0,6,6,1.0
BT_0035,A_Day_of_Fallen_Night_-_Samantha_Shannon,0,decop,llama-3.3-70b-versatile,groq,1.0,6,6,1.0
BT_0036,The_Spectacular_-_Fiona_Davis,0,decop,llama-3.3-70b-versatile,groq,0.1666666666666666,6,1,0.1666666666666666
BT_0037,The_Spectacular_-_Fiona_Davis,0,decop,llama-3.3-70b-versatile,groq,0.6666666666666666,6,4,0.6666666666666666
BT_0038,The_Darkness_Before_Them_-_Matthew_Ward,0,decop,llama-3.3-70b-versatile,groq,0.3333333333333333,6,2,0.3333333333333333
BT_0039,Matilda_-_Roald_Dahl,1,decop,llama-3.3-70b-versatile,groq,1.0,6,6,0.0
BT_0040,Matilda_-_Roald_Dahl,1,decop,llama-3.3-70b-versatile,groq,1.0,6,6,0.0
BT_0041,What_Lies_in_the_Woods_-_Kate_Alice_Marshall,0,decop,llama-3.3-70b-versatile,groq,0.8333333333333334,6,5,0.8333333333333334
BT_0042,Oliver_Twist_-_Charles_Dickens,1,decop,llama-3.3-70b-versatile,groq,1.0,6,6,0.0
BT_0043,The_Age_of_Innocence_-_Edith_Wharton,1,decop,llama-3.3-70b-versatile,groq,1.0,6,6,0.0
BT_0044,The_Foxglove_King_-_Hannah_Whitten,0,decop,llama-3.3-70b-versatile,groq,0.5,6,3,0.5
BT_0045,What_Lies_in_the_Woods_-_Kate_Alice_Marshall,0,decop,llama-3.3-70b-versatile,groq,0.1666666666666666,6,1,0.1666666666666666
BT_0046,The_Age_of_Innocence_-_Edith_Wharton,1,decop,llama-3.3-70b-versatile,groq,1.0,6,6,0.0
BT_0047,The_Alchemist_-_Paulo_Coelho,1,decop,llama-3.3-70b-versatile,groq,0.5,6,3,0.5
BT_0048,Hedge_-_Jane_Delury,0,decop,llama-3.3-70b-versatile,groq,0.5,6,3,0.5
BT_0049,Bartleby_the_Scrivener_A_Story_of_Wall_Street_-_Herman_Melville,1,decop,llama-3.3-70b-versatile,groq,1.0,6,6,0.0
BT_0050,Business_or_Pleasure_-_Rachel_Lynn_Solomon,0,decop,llama-3.3-70b-versatile,groq,0.6666666666666666,6,4,0.6666666666666666
BT_0051,The_Wildest_Sun_A_Novel_-_Asha_Lemmie,0,decop,llama-3.3-70b-versatile,groq,0.5,6,3,0.5
BT_0052,Harry_Potter_and_the_Chamber_of_Secrets_-_JK_Rowling,1,decop,llama-3.3-70b-versatile,groq,1.0,6,6,0.0
BT_0053,The_Foxglove_King_-_Hannah_Whitten,0,decop,llama-3.3-70b-versatile,groq,0.3333333333333333,6,2,0.3333333333333333
BT_0054,Business_or_Pleasure_-_Rachel_Lynn_Solomon,0,decop,llama-3.3-70b-versatile,groq,1.0,6,6,1.0
BT_0055,Matilda_-_Roald_Dahl,1,decop,llama-3.3-70b-versatile,groq,1.0,6,6,0.0
BT_0056,Hedge_-_Jane_Delury,0,decop,llama-3.3-70b-versatile,groq,1.0,6,6,1.0
BT_0057,1984_-_George_Orwell,1,decop,llama-3.3-70b-versatile,groq,1.0,6,6,0.0
BT_0058,The_Wildest_Sun_A_Novel_-_Asha_Lemmie,0,decop,llama-3.3-70b-versatile,groq,0.3333333333333333,6,2,0.3333333333333333
BT_0059,1984_-_George_Orwell,1,decop,llama-3.3-70b-versatile,groq,1.0,6,6,0.0
BT_0060,The_Darkness_Before_Them_-_Matthew_Ward,0,decop,llama-3.3-70b-versatile,groq,0.3333333333333333,6,2,0.3333333333333333
BT_0061,1984_-_George_Orwell,1,decop,llama-3.3-70b-versatile,groq,1.0,6,6,0.0
BT_0062,Oliver_Twist_-_Charles_Dickens,1,decop,llama-3.3-70b-versatile,groq,1.0,6,6,0.0
BT_0063,The_Alchemist_-_Paulo_Coelho,1,decop,llama-3.3-70b-versatile,groq,0.5,6,3,0.5
BT_0064,Oliver_Twist_-_Charles_Dickens,1,decop,llama-3.3-70b-versatile,groq,1.0,6,6,0.0
BT_0065,Business_or_Pleasure_-_Rachel_Lynn_Solomon,0,decop,llama-3.3-70b-versatile,groq,0.3333333333333333,6,2,0.3333333333333333
BT_0066,Lord_of_the_Rings_The_Fellowship_of_the_Ring_-_J_R_R_Tolkien,1,decop,llama-3.3-70b-versatile,groq,1.0,6,6,0.0
BT_0067,Happy_Place_-_Emily_Henry,0,decop,llama-3.3-70b-versatile,groq,0.6666666666666666,6,4,0.6666666666666666
BT_0068,1984_-_George_Orwell,1,decop,llama-3.3-70b-versatile,groq,1.0,6,6,0.0
BT_0069,The_Spectacular_-_Fiona_Davis,0,decop,llama-3.3-70b-versatile,groq,1.0,6,6,1.0
BT_0070,The_Silmarillion_-_J._R._R._Tolkien,1,decop,llama-3.3-70b-versatile,groq,1.0,6,6,0.0
BT_0071,The_Foxglove_King_-_Hannah_Whitten,0,decop,llama-3.3-70b-versatile,groq,0.3333333333333333,6,2,0.3333333333333333
BT_0072,The_Darkness_Before_Them_-_Matthew_Ward,0,decop,llama-3.3-70b-versatile,groq,0.5,6,3,0.5
BT_0073,Lord_of_the_Rings_The_Fellowship_of_the_Ring_-_J_R_R_Tolkien,1,decop,llama-3.3-70b-versatile,groq,1.0,6,6,0.0
BT_0074,Business_or_Pleasure_-_Rachel_Lynn_Solomon,0,decop,llama-3.3-70b-versatile,groq,1.0,6,6,1.0
BT_0075,Business_or_Pleasure_-_Rachel_Lynn_Solomon,0,decop,llama-3.3-70b-versatile,groq,0.1666666666666666,6,1,0.1666666666666666
BT_0076,The_Age_of_Innocence_-_Edith_Wharton,1,decop,llama-3.3-70b-versatile,groq,1.0,6,6,0.0
BT_0077,The_Spectacular_-_Fiona_Davis,0,decop,llama-3.3-70b-versatile,groq,0.1666666666666666,6,1,0.1666666666666666
BT_0078,A_Day_of_Fallen_Night_-_Samantha_Shannon,0,decop,llama-3.3-70b-versatile,groq,1.0,6,6,1.0
BT_0079,Business_or_Pleasure_-_Rachel_Lynn_Solomon,0,decop,llama-3.3-70b-versatile,groq,0.3333333333333333,6,2,0.3333333333333333
BT_0080,Harry_Potter_and_the_Chamber_of_Secrets_-_JK_Rowling,1,decop,llama-3.3-70b-versatile,groq,0.6666666666666666,6,4,0.3333333333333333
BT_0081,Matilda_-_Roald_Dahl,1,decop,llama-3.3-70b-versatile,groq,1.0,6,6,0.0
BT_0082,Lord_of_the_Rings_The_Fellowship_of_the_Ring_-_J_R_R_Tolkien,1,decop,llama-3.3-70b-versatile,groq,1.0,6,6,0.0
BT_0083,Happy_Place_-_Emily_Henry,0,decop,llama-3.3-70b-versatile,groq,0.5,6,3,0.5
BT_0084,What_Lies_in_the_Woods_-_Kate_Alice_Marshall,0,decop,llama-3.3-70b-versatile,groq,1.0,6,6,1.0
BT_0085,Bartleby_the_Scrivener_A_Story_of_Wall_Street_-_Herman_Melville,1,decop,llama-3.3-70b-versatile,groq,1.0,6,6,0.0
BT_0086,The_Darkness_Before_Them_-_Matthew_Ward,0,decop,llama-3.3-70b-versatile,groq,0.3333333333333333,6,2,0.3333333333333333
BT_0087,Oliver_Twist_-_Charles_Dickens,1,decop,llama-3.3-70b-versatile,groq,1.0,6,6,0.0
BT_0088,What_Lies_in_the_Woods_-_Kate_Alice_Marshall,0,decop,llama-3.3-70b-versatile,groq,1.0,6,6,1.0
BT_0089,Wuthering_Heights_-_Emily_Bronte,1,decop,llama-3.3-70b-versatile,groq,1.0,6,6,0.0
BT_0090,The_Age_of_Innocence_-_Edith_Wharton,1,decop,llama-3.3-70b-versatile,groq,1.0,6,6,0.0
BT_0091,Hedge_-_Jane_Delury,0,decop,llama-3.3-70b-versatile,groq,1.0,6,6,1.0
BT_0092,A_Day_of_Fallen_Night_-_Samantha_Shannon,0,decop,llama-3.3-70b-versatile,groq,0.1666666666666666,6,1,0.1666666666666666
BT_0093,Oliver_Twist_-_Charles_Dickens,1,decop,llama-3.3-70b-versatile,groq,1.0,6,6,0.0
BT_0094,The_Alchemist_-_Paulo_Coelho,1,decop,llama-3.3-70b-versatile,groq,1.0,6,6,0.0
BT_0095,What_Lies_in_the_Woods_-_Kate_Alice_Marshall,0,decop,llama-3.3-70b-versatile,groq,0.3333333333333333,6,2,0.3333333333333333
BT_0096,Unfortunately_Yours_-_Tessa_Bailey,0,decop,llama-3.3-70b-versatile,groq,0.1666666666666666,6,1,0.1666666666666666
BT_0097,Harry_Potter_and_the_Chamber_of_Secrets_-_JK_Rowling,1,decop,llama-3.3-70b-versatile,groq,1.0,6,6,0.0
BT_0098,The_Age_of_Innocence_-_Edith_Wharton,1,decop,llama-3.3-70b-versatile,groq,1.0,6,6,0.0
BT_0099,The_Foxglove_King_-_Hannah_Whitten,0,decop,llama-3.3-70b-versatile,groq,0.0,6,0,0.0
BT_0100,Harry_Potter_and_the_Chamber_of_Secrets_-_JK_Rowling,1,decop,llama-3.3-70b-versatile,groq,1.0,6,6,0.0
BT_0101,Oliver_Twist_-_Charles_Dickens,1,decop,llama-3.3-70b-versatile,groq,1.0,6,6,0.0
BT_0102,Hedge_-_Jane_Delury,0,decop,llama-3.3-70b-versatile,groq,0.5,6,3,0.5
BT_0103,Hedge_-_Jane_Delury,0,decop,llama-3.3-70b-versatile,groq,0.1666666666666666,6,1,0.1666666666666666
BT_0104,A_Day_of_Fallen_Night_-_Samantha_Shannon,0,decop,llama-3.3-70b-versatile,groq,0.6666666666666666,6,4,0.6666666666666666
BT_0105,Hedge_-_Jane_Delury,0,decop,llama-3.3-70b-versatile,groq,0.8333333333333334,6,5,0.8333333333333334
BT_0106,The_Alchemist_-_Paulo_Coelho,1,decop,llama-3.3-70b-versatile,groq,1.0,6,6,0.0
BT_0107,Wuthering_Heights_-_Emily_Bronte,1,decop,llama-3.3-70b-versatile,groq,1.0,6,6,0.0
BT_0108,Business_or_Pleasure_-_Rachel_Lynn_Solomon,0,decop,llama-3.3-70b-versatile,groq,0.0,6,0,0.0
BT_0109,Hedge_-_Jane_Delury,0,decop,llama-3.3-70b-versatile,groq,0.5,6,3,0.5
BT_0110,The_Darkness_Before_Them_-_Matthew_Ward,0,decop,llama-3.3-70b-versatile,groq,1.0,6,6,1.0
BT_0111,Harry_Potter_and_the_Chamber_of_Secrets_-_JK_Rowling,1,decop,llama-3.3-70b-versatile,groq,1.0,6,6,0.0
BT_0112,What_Lies_in_the_Woods_-_Kate_Alice_Marshall,0,decop,llama-3.3-70b-versatile,groq,0.3333333333333333,6,2,0.3333333333333333
BT_0113,Unfortunately_Yours_-_Tessa_Bailey,0,decop,llama-3.3-70b-versatile,groq,0.6666666666666666,6,4,0.6666666666666666
BT_0114,Matilda_-_Roald_Dahl,1,decop,llama-3.3-70b-versatile,groq,1.0,6,6,0.0
BT_0115,The_Foxglove_King_-_Hannah_Whitten,0,decop,llama-3.3-70b-versatile,groq,0.3333333333333333,6,2,0.3333333333333333
BT_0116,Wuthering_Heights_-_Emily_Bronte,1,decop,llama-3.3-70b-versatile,groq,1.0,6,6,0.0
BT_0117,Lord_of_the_Rings_The_Fellowship_of_the_Ring_-_J_R_R_Tolkien,1,decop,llama-3.3-70b-versatile,groq,1.0,6,6,0.0
BT_0118,The_Darkness_Before_Them_-_Matthew_Ward,0,decop,llama-3.3-70b-versatile,groq,0.6666666666666666,6,4,0.6666666666666666
BT_0119,The_Age_of_Innocence_-_Edith_Wharton,1,decop,llama-3.3-70b-versatile,groq,1.0,6,6,0.0
BT_0120,Lord_of_the_Rings_The_Fellowship_of_the_Ring_-_J_R_R_Tolkien,1,decop,llama-3.3-70b-versatile,groq,1.0,6,6,0.0
BT_0121,A_Day_of_Fallen_Night_-_Samantha_Shannon,0,decop,llama-3.3-70b-versatile,groq,0.5,6,3,0.5
BT_0122,Unfortunately_Yours_-_Tessa_Bailey,0,decop,llama-3.3-70b-versatile,groq,0.3333333333333333,6,2,0.3333333333333333
BT_0123,Unfortunately_Yours_-_Tessa_Bailey,0,decop,llama-3.3-70b-versatile,groq,0.5,6,3,0.5
BT_0124,The_Age_of_Innocence_-_Edith_Wharton,1,decop,llama-3.3-70b-versatile,groq,1.0,6,6,0.0
BT_0125,The_Age_of_Innocence_-_Edith_Wharton,1,decop,llama-3.3-70b-versatile,groq,0.8333333333333334,6,5,0.1666666666666666
BT_0126,Happy_Place_-_Emily_Henry,0,decop,llama-3.3-70b-versatile,groq,0.5,6,3,0.5
BT_0127,Hedge_-_Jane_Delury,0,decop,llama-3.3-70b-versatile,groq,0.6666666666666666,6,4,0.6666666666666666
BT_0128,Bartleby_the_Scrivener_A_Story_of_Wall_Street_-_Herman_Melville,1,decop,llama-3.3-70b-versatile,groq,1.0,6,6,0.0
BT_0129,Oliver_Twist_-_Charles_Dickens,1,decop,llama-3.3-70b-versatile,groq,1.0,6,6,0.0
BT_0130,The_Darkness_Before_Them_-_Matthew_Ward,0,decop,llama-3.3-70b-versatile,groq,0.5,6,3,0.5
BT_0131,Lord_of_the_Rings_The_Fellowship_of_the_Ring_-_J_R_R_Tolkien,1,decop,llama-3.3-70b-versatile,groq,1.0,6,6,0.0
BT_0132,1984_-_George_Orwell,1,decop,llama-3.3-70b-versatile,groq,1.0,6,6,0.0
BT_0133,Unfortunately_Yours_-_Tessa_Bailey,0,decop,llama-3.3-70b-versatile,groq,0.5,6,3,0.5
BT_0134,Lord_of_the_Rings_The_Fellowship_of_the_Ring_-_J_R_R_Tolkien,1,decop,llama-3.3-70b-versatile,groq,1.0,6,6,0.0
BT_0135,The_Spectacular_-_Fiona_Davis,0,decop,llama-3.3-70b-versatile,groq,0.5,6,3,0.5
BT_0136,Harry_Potter_and_the_Chamber_of_Secrets_-_JK_Rowling,1,decop,llama-3.3-70b-versatile,groq,1.0,6,6,0.0
BT_0137,A_Day_of_Fallen_Night_-_Samantha_Shannon,0,decop,llama-3.3-70b-versatile,groq,1.0,6,6,1.0
BT_0138,The_Silmarillion_-_J._R._R._Tolkien,1,decop,llama-3.3-70b-versatile,groq,1.0,6,6,0.0
BT_0139,The_Spectacular_-_Fiona_Davis,0,decop,llama-3.3-70b-versatile,groq,0.1666666666666666,6,1,0.1666666666666666
BT_0140,Happy_Place_-_Emily_Henry,0,decop,llama-3.3-70b-versatile,groq,1.0,6,6,1.0
BT_0141,The_Wildest_Sun_A_Novel_-_Asha_Lemmie,0,decop,llama-3.3-70b-versatile,groq,0.6666666666666666,6,4,0.6666666666666666
BT_0142,Happy_Place_-_Emily_Henry,0,decop,llama-3.3-70b-versatile,groq,0.3333333333333333,6,2,0.3333333333333333
BT_0143,Lord_of_the_Rings_The_Fellowship_of_the_Ring_-_J_R_R_Tolkien,1,decop,llama-3.3-70b-versatile,groq,1.0,6,6,0.0
BT_0144,Bartleby_the_Scrivener_A_Story_of_Wall_Street_-_Herman_Melville,1,decop,llama-3.3-70b-versatile,groq,1.0,6,6,0.0
BT_0145,Oliver_Twist_-_Charles_Dickens,1,decop,llama-3.3-70b-versatile,groq,1.0,6,6,0.0
BT_0146,Harry_Potter_and_the_Chamber_of_Secrets_-_JK_Rowling,1,decop,llama-3.3-70b-versatile,groq,1.0,6,6,0.0
BT_0147,Business_or_Pleasure_-_Rachel_Lynn_Solomon,0,decop,llama-3.3-70b-versatile,groq,1.0,6,6,1.0
BT_0148,1984_-_George_Orwell,1,decop,llama-3.3-70b-versatile,groq,1.0,6,6,0.0
BT_0149,Bartleby_the_Scrivener_A_Story_of_Wall_Street_-_Herman_Melville,1,decop,llama-3.3-70b-versatile,groq,1.0,6,6,0.0
BT_0150,The_Wildest_Sun_A_Novel_-_Asha_Lemmie,0,decop,llama-3.3-70b-versatile,groq,0.5,6,3,0.5
BT_0151,Happy_Place_-_Emily_Henry,0,decop,llama-3.3-70b-versatile,groq,0.6666666666666666,6,4,0.6666666666666666
BT_0152,Bartleby_the_Scrivener_A_Story_of_Wall_Street_-_Herman_Melville,1,decop,llama-3.3-70b-versatile,groq,1.0,6,6,0.0
BT_0153,Harry_Potter_and_the_Chamber_of_Secrets_-_JK_Rowling,1,decop,llama-3.3-70b-versatile,groq,0.8333333333333334,6,5,0.1666666666666666
BT_0154,The_Alchemist_-_Paulo_Coelho,1,decop,llama-3.3-70b-versatile,groq,1.0,6,6,0.0
BT_0155,The_Silmarillion_-_J._R._R._Tolkien,1,decop,llama-3.3-70b-versatile,groq,1.0,6,6,0.0
BT_0156,The_Wildest_Sun_A_Novel_-_Asha_Lemmie,0,decop,llama-3.3-70b-versatile,groq,0.6666666666666666,6,4,0.6666666666666666
BT_0157,The_Spectacular_-_Fiona_Davis,0,decop,llama-3.3-70b-versatile,groq,1.0,6,6,1.0
BT_0158,The_Alchemist_-_Paulo_Coelho,1,decop,llama-3.3-70b-versatile,groq,1.0,6,6,0.0
BT_0159,Matilda_-_Roald_Dahl,1,decop,llama-3.3-70b-versatile,groq,1.0,6,6,0.0
BT_0160,The_Wildest_Sun_A_Novel_-_Asha_Lemmie,0,decop,llama-3.3-70b-versatile,groq,0.3333333333333333,6,2,0.3333333333333333
BT_0161,The_Spectacular_-_Fiona_Davis,0,decop,llama-3.3-70b-versatile,groq,0.6666666666666666,6,4,0.6666666666666666
BT_0162,The_Darkness_Before_Them_-_Matthew_Ward,0,decop,llama-3.3-70b-versatile,groq,0.6666666666666666,6,4,0.6666666666666666
BT_0163,Happy_Place_-_Emily_Henry,0,decop,llama-3.3-70b-versatile,groq,0.5,6,3,0.5
BT_0164,Wuthering_Heights_-_Emily_Bronte,1,decop,llama-3.3-70b-versatile,groq,1.0,6,6,0.0
BT_0165,The_Silmarillion_-_J._R._R._Tolkien,1,decop,llama-3.3-70b-versatile,groq,1.0,6,6,0.0
BT_0166,A_Day_of_Fallen_Night_-_Samantha_Shannon,0,decop,llama-3.3-70b-versatile,groq,0.6666666666666666,6,4,0.6666666666666666
BT_0167,The_Silmarillion_-_J._R._R._Tolkien,1,decop,llama-3.3-70b-versatile,groq,1.0,6,6,0.0
BT_0168,What_Lies_in_the_Woods_-_Kate_Alice_Marshall,0,decop,llama-3.3-70b-versatile,groq,0.5,6,3,0.5
BT_0169,The_Silmarillion_-_J._R._R._Tolkien,1,decop,llama-3.3-70b-versatile,groq,1.0,6,6,0.0
BT_0170,Lord_of_the_Rings_The_Fellowship_of_the_Ring_-_J_R_R_Tolkien,1,decop,llama-3.3-70b-versatile,groq,1.0,6,6,0.0
BT_0171,Bartleby_the_Scrivener_A_Story_of_Wall_Street_-_Herman_Melville,1,decop,llama-3.3-70b-versatile,groq,1.0,6,6,0.0
BT_0172,The_Age_of_Innocence_-_Edith_Wharton,1,decop,llama-3.3-70b-versatile,groq,1.0,6,6,0.0
BT_0173,The_Silmarillion_-_J._R._R._Tolkien,1,decop,llama-3.3-70b-versatile,groq,0.8333333333333334,6,5,0.1666666666666666
BT_0174,The_Darkness_Before_Them_-_Matthew_Ward,0,decop,llama-3.3-70b-versatile,groq,0.3333333333333333,6,2,0.3333333333333333
BT_0175,What_Lies_in_the_Woods_-_Kate_Alice_Marshall,0,decop,llama-3.3-70b-versatile,groq,0.5,6,3,0.5
BT_0176,The_Foxglove_King_-_Hannah_Whitten,0,decop,llama-3.3-70b-versatile,groq,0.1666666666666666,6,1,0.1666666666666666
BT_0177,Oliver_Twist_-_Charles_Dickens,1,decop,llama-3.3-70b-versatile,groq,1.0,6,6,0.0
BT_0178,Unfortunately_Yours_-_Tessa_Bailey,0,decop,llama-3.3-70b-versatile,groq,1.0,6,6,1.0
BT_0179,What_Lies_in_the_Woods_-_Kate_Alice_Marshall,0,decop,llama-3.3-70b-versatile,groq,0.1666666666666666,6,1,0.1666666666666666
BT_0180,Harry_Potter_and_the_Chamber_of_Secrets_-_JK_Rowling,1,decop,llama-3.3-70b-versatile,groq,1.0,6,6,0.0
BT_0181,The_Silmarillion_-_J._R._R._Tolkien,1,decop,llama-3.3-70b-versatile,groq,1.0,6,6,0.0
BT_0182,Hedge_-_Jane_Delury,0,decop,llama-3.3-70b-versatile,groq,0.1666666666666666,6,1,0.1666666666666666
BT_0183,The_Spectacular_-_Fiona_Davis,0,decop,llama-3.3-70b-versatile,groq,0.3333333333333333,6,2,0.3333333333333333
BT_0184,Unfortunately_Yours_-_Tessa_Bailey,0,decop,llama-3.3-70b-versatile,groq,0.6666666666666666,6,4,0.6666666666666666
BT_0185,A_Day_of_Fallen_Night_-_Samantha_Shannon,0,decop,llama-3.3-70b-versatile,groq,0.1666666666666666,6,1,0.1666666666666666
BT_0186,1984_-_George_Orwell,1,decop,llama-3.3-70b-versatile,groq,1.0,6,6,0.0
BT_0187,Business_or_Pleasure_-_Rachel_Lynn_Solomon,0,decop,llama-3.3-70b-versatile,groq,0.3333333333333333,6,2,0.3333333333333333
BT_0188,Bartleby_the_Scrivener_A_Story_of_Wall_Street_-_Herman_Melville,1,decop,llama-3.3-70b-versatile,groq,1.0,6,6,0.0
BT_0189,Matilda_-_Roald_Dahl,1,decop,llama-3.3-70b-versatile,groq,1.0,6,6,0.0
BT_0190,The_Foxglove_King_-_Hannah_Whitten,0,decop,llama-3.3-70b-versatile,groq,0.1666666666666666,6,1,0.1666666666666666
BT_0191,What_Lies_in_the_Woods_-_Kate_Alice_Marshall,0,decop,llama-3.3-70b-versatile,groq,1.0,6,6,1.0
BT_0192,The_Age_of_Innocence_-_Edith_Wharton,1,decop,llama-3.3-70b-versatile,groq,0.6666666666666666,6,4,0.3333333333333333
BT_0193,Happy_Place_-_Emily_Henry,0,decop,llama-3.3-70b-versatile,groq,1.0,6,6,1.0
BT_0194,Matilda_-_Roald_Dahl,1,decop,llama-3.3-70b-versatile,groq,1.0,6,6,0.0
BT_0195,A_Day_of_Fallen_Night_-_Samantha_Shannon,0,decop,llama-3.3-70b-versatile,groq,0.6666666666666666,6,4,0.6666666666666666
BT_0196,The_Alchemist_-_Paulo_Coelho,1,decop,llama-3.3-70b-versatile,groq,1.0,6,6,0.0
BT_0197,1984_-_George_Orwell,1,decop,llama-3.3-70b-versatile,groq,1.0,6,6,0.0
BT_0198,The_Wildest_Sun_A_Novel_-_Asha_Lemmie,0,decop,llama-3.3-70b-versatile,groq,0.3333333333333333,6,2,0.3333333333333333
BT_0199,A_Day_of_Fallen_Night_-_Samantha_Shannon,0,decop,llama-3.3-70b-versatile,groq,0.3333333333333333,6,2,0.3333333333333333
