file_name,file_path,dataset_family,source_dataset,split,language,label,estimated_membership,text_hash
WikiMIA_WikiMIA_length128_00142.txt,dataset/raw/wikimia/WikiMIA_WikiMIA_length128_00142.txt,wikimia,WikiMIA,WikiMIA_length128,english,1,member,3e7cc883c6a31bef861626b86e366bd0
WikiMIA_WikiMIA_length128_00006.txt,dataset/raw/wikimia/WikiMIA_WikiMIA_length128_00006.txt,wikimia,WikiMIA,WikiMIA_length128,english,0,non_member,0d0a03ef573b696fdbaa9456ff2a694c
WikiMIA_WikiMIA_length128_00097.txt,dataset/raw/wikimia/WikiMIA_WikiMIA_length128_00097.txt,wikimia,WikiMIA,WikiMIA_length128,english,0,non_member,dcf24cf844cf4d4f83746ec98ce7c62f
WikiMIA_WikiMIA_length128_00060.txt,dataset/raw/wikimia/WikiMIA_WikiMIA_length128_00060.txt,wikimia,WikiMIA,WikiMIA_length128,english,1,member,ead4a95703595da11865fdacb00804d4
WikiMIA_WikiMIA_length128_00112.txt,dataset/raw/wikimia/WikiMIA_WikiMIA_length128_00112.txt,wikimia,WikiMIA,WikiMIA_length128,english,0,non_member,29c47a5722d5fdbca925fe23f1f95ad4
WikiMIA_WikiMIA_length128_00181.txt,dataset/raw/wikimia/WikiMIA_WikiMIA_length128_00181.txt,wikimia,WikiMIA,WikiMIA_length128,english,0,non_member,3322bf2aa0171872c38bd36283be1975
WikiMIA_WikiMIA_length128_00197.txt,dataset/raw/wikimia/WikiMIA_WikiMIA_length128_00197.txt,wikimia,WikiMIA,WikiMIA_length128,english,0,non_member,d3e43cccbd1fee3546de5a94a7e5b8dc
WikiMIA_WikiMIA_length128_00184.txt,dataset/raw/wikimia/WikiMIA_WikiMIA_length128_00184.txt,wikimia,WikiMIA,WikiMIA_length128,english,1,member,49c2843ef17bc4c28223d1d42f8600f8
WikiMIA_WikiMIA_length128_00009.txt,dataset/raw/wikimia/WikiMIA_WikiMIA_length128_00009.txt,wikimia,WikiMIA,WikiMIA_length128,english,0,non_member,eaa58847d27c0c9e5d11b496ebba8621
WikiMIA_WikiMIA_length128_00104.txt,dataset/raw/wikimia/WikiMIA_WikiMIA_length128_00104.txt,wikimia,WikiMIA,WikiMIA_length128,english,1,member,aaf870c3be50f7d906a656fb8fd45e0b
WikiMIA_WikiMIA_length128_00200.txt,dataset/raw/wikimia/WikiMIA_WikiMIA_length128_00200.txt,wikimia,WikiMIA,WikiMIA_length128,english,0,non_member,d655f7c83b237653818b325df378dcf0
WikiMIA_WikiMIA_length128_00216.txt,dataset/raw/wikimia/WikiMIA_WikiMIA_length128_00216.txt,wikimia,WikiMIA,WikiMIA_length128,english,1,member,b131f0b713e344b008459b913b529aab
WikiMIA_WikiMIA_length128_00236.txt,dataset/raw/wikimia/WikiMIA_WikiMIA_length128_00236.txt,wikimia,WikiMIA,WikiMIA_length128,english,1,member,f111e030c6b5d8460f806c960a05ac78
WikiMIA_WikiMIA_length128_00240.txt,dataset/raw/wikimia/WikiMIA_WikiMIA_length128_00240.txt,wikimia,WikiMIA,WikiMIA_length128,english,1,member,3eb1481709e7df1743800a119fe693f7
WikiMIA_WikiMIA_length128_00067.txt,dataset/raw/wikimia/WikiMIA_WikiMIA_length128_00067.txt,wikimia,WikiMIA,WikiMIA_length128,english,0,non_member,9443a4ab80da55bbb2c337c9054bad5f
WikiMIA_WikiMIA_length128_00224.txt,dataset/raw/wikimia/WikiMIA_WikiMIA_length128_00224.txt,wikimia,WikiMIA,WikiMIA_length128,english,1,member,14f6f7553d02508dce2f84e65d145de3
WikiMIA_WikiMIA_length128_00194.txt,dataset/raw/wikimia/WikiMIA_WikiMIA_length128_00194.txt,wikimia,WikiMIA,WikiMIA_length128,english,0,non_member,d049f09ed836c7c5e3dfb9ea495f79d1
WikiMIA_WikiMIA_length128_00015.txt,dataset/raw/wikimia/WikiMIA_WikiMIA_length128_00015.txt,wikimia,WikiMIA,WikiMIA_length128,english,0,non_member,f425ea4a93e74e68139d24509ea5b1ea
WikiMIA_WikiMIA_length128_00177.txt,dataset/raw/wikimia/WikiMIA_WikiMIA_length128_00177.txt,wikimia,WikiMIA,WikiMIA_length128,english,1,member,094e12da200e8c539ec3be4d9acdf7cb
WikiMIA_WikiMIA_length128_00024.txt,dataset/raw/wikimia/WikiMIA_WikiMIA_length128_00024.txt,wikimia,WikiMIA,WikiMIA_length128,english,0,non_member,8bc33d360bc474112b144b4fb1188a81
WikiMIA_WikiMIA_length128_00247.txt,dataset/raw/wikimia/WikiMIA_WikiMIA_length128_00247.txt,wikimia,WikiMIA,WikiMIA_length128,english,0,non_member,1d09bf01d75cf2ead4eee2f811e141e0
WikiMIA_WikiMIA_length128_00019.txt,dataset/raw/wikimia/WikiMIA_WikiMIA_length128_00019.txt,wikimia,WikiMIA,WikiMIA_length128,english,1,member,571485010b301cee482c37a0bb805b28
WikiMIA_WikiMIA_length128_00114.txt,dataset/raw/wikimia/WikiMIA_WikiMIA_length128_00114.txt,wikimia,WikiMIA,WikiMIA_length128,english,0,non_member,02178ef01f5e25ef765c906dcd879bcc
WikiMIA_WikiMIA_length128_00068.txt,dataset/raw/wikimia/WikiMIA_WikiMIA_length128_00068.txt,wikimia,WikiMIA,WikiMIA_length128,english,1,member,e3098c8820145e22f5460f32a8593b06
WikiMIA_WikiMIA_length128_00176.txt,dataset/raw/wikimia/WikiMIA_WikiMIA_length128_00176.txt,wikimia,WikiMIA,WikiMIA_length128,english,0,non_member,225310ec6a1859c4b03a94f4807a8996
WikiMIA_WikiMIA_length128_00045.txt,dataset/raw/wikimia/WikiMIA_WikiMIA_length128_00045.txt,wikimia,WikiMIA,WikiMIA_length128,english,1,member,4c0e8c0f3b3103063e90590623e258b3
WikiMIA_WikiMIA_length128_00055.txt,dataset/raw/wikimia/WikiMIA_WikiMIA_length128_00055.txt,wikimia,WikiMIA,WikiMIA_length128,english,0,non_member,5f69b7c574cd27ad6a23c1c769ef2e45
WikiMIA_WikiMIA_length128_00010.txt,dataset/raw/wikimia/WikiMIA_WikiMIA_length128_00010.txt,wikimia,WikiMIA,WikiMIA_length128,english,0,non_member,da1dbf41f5c6325aefeb979c7f1c50dc
WikiMIA_WikiMIA_length128_00030.txt,dataset/raw/wikimia/WikiMIA_WikiMIA_length128_00030.txt,wikimia,WikiMIA,WikiMIA_length128,english,0,non_member,38a45778020c4ea4f5c841e9fc237ef0
WikiMIA_WikiMIA_length128_00120.txt,dataset/raw/wikimia/WikiMIA_WikiMIA_length128_00120.txt,wikimia,WikiMIA,WikiMIA_length128,english,1,member,9576c5063b169a18331c8e428b06a4e3
WikiMIA_WikiMIA_length128_00201.txt,dataset/raw/wikimia/WikiMIA_WikiMIA_length128_00201.txt,wikimia,WikiMIA,WikiMIA_length128,english,0,non_member,4c7cfd26f81bcf13e6e511a6bd3b420b
WikiMIA_WikiMIA_length128_00033.txt,dataset/raw/wikimia/WikiMIA_WikiMIA_length128_00033.txt,wikimia,WikiMIA,WikiMIA_length128,english,0,non_member,1dbffb8b1575708585ee778ec0502b1e
WikiMIA_WikiMIA_length128_00141.txt,dataset/raw/wikimia/WikiMIA_WikiMIA_length128_00141.txt,wikimia,WikiMIA,WikiMIA_length128,english,1,member,ae1febba23069ec9675d7df552267e7c
WikiMIA_WikiMIA_length128_00219.txt,dataset/raw/wikimia/WikiMIA_WikiMIA_length128_00219.txt,wikimia,WikiMIA,WikiMIA_length128,english,0,non_member,d3b9168deabddfcd80b0bacfbb9fe18f
WikiMIA_WikiMIA_length128_00025.txt,dataset/raw/wikimia/WikiMIA_WikiMIA_length128_00025.txt,wikimia,WikiMIA,WikiMIA_length128,english,1,member,72fa8d2ed35bf6123e4402e86eb0618f
WikiMIA_WikiMIA_length128_00111.txt,dataset/raw/wikimia/WikiMIA_WikiMIA_length128_00111.txt,wikimia,WikiMIA,WikiMIA_length128,english,1,member,f26dcf1d9098276fcee790bf8c0e4b97
WikiMIA_WikiMIA_length128_00018.txt,dataset/raw/wikimia/WikiMIA_WikiMIA_length128_00018.txt,wikimia,WikiMIA,WikiMIA_length128,english,1,member,19a59dadf0d6b906907b2fb9e26ef0df
WikiMIA_WikiMIA_length128_00196.txt,dataset/raw/wikimia/WikiMIA_WikiMIA_length128_00196.txt,wikimia,WikiMIA,WikiMIA_length128,english,0,non_member,7fde4ead9f005397be52bfe13fe94872
WikiMIA_WikiMIA_length128_00180.txt,dataset/raw/wikimia/WikiMIA_WikiMIA_length128_00180.txt,wikimia,WikiMIA,WikiMIA_length128,english,1,member,dbf2ed9630d37cc5da51a8cab223d129
WikiMIA_WikiMIA_length128_00159.txt,dataset/raw/wikimia/WikiMIA_WikiMIA_length128_00159.txt,wikimia,WikiMIA,WikiMIA_length128,english,0,non_member,5d4f151c21ccfd514c0aaf3b69bac89a
WikiMIA_WikiMIA_length128_00118.txt,dataset/raw/wikimia/WikiMIA_WikiMIA_length128_00118.txt,wikimia,WikiMIA,WikiMIA_length128,english,1,member,8a1f7ef4d08f0b163ed46d47be4ad931
WikiMIA_WikiMIA_length128_00096.txt,dataset/raw/wikimia/WikiMIA_WikiMIA_length128_00096.txt,wikimia,WikiMIA,WikiMIA_length128,english,1,member,fc3f02f8c49788b5f5e03d107521418d
WikiMIA_WikiMIA_length128_00108.txt,dataset/raw/wikimia/WikiMIA_WikiMIA_length128_00108.txt,wikimia,WikiMIA,WikiMIA_length128,english,0,non_member,3e319de0feda9aaeda46e14d59bf6da0
WikiMIA_WikiMIA_length128_00185.txt,dataset/raw/wikimia/WikiMIA_WikiMIA_length128_00185.txt,wikimia,WikiMIA,WikiMIA_length128,english,0,non_member,7cb298c7dcc9d1ddd4c7b593e76a8ae7
WikiMIA_WikiMIA_length128_00222.txt,dataset/raw/wikimia/WikiMIA_WikiMIA_length128_00222.txt,wikimia,WikiMIA,WikiMIA_length128,english,0,non_member,4c881a6265aa5823587bfd0fe5bd71ac
WikiMIA_WikiMIA_length128_00016.txt,dataset/raw/wikimia/WikiMIA_WikiMIA_length128_00016.txt,wikimia,WikiMIA,WikiMIA_length128,english,1,member,ee66f8c16480e20fc6c2f9133f8f7788
WikiMIA_WikiMIA_length128_00146.txt,dataset/raw/wikimia/WikiMIA_WikiMIA_length128_00146.txt,wikimia,WikiMIA,WikiMIA_length128,english,0,non_member,6bc45dfa7b2c502fe96d1d9090070959
WikiMIA_WikiMIA_length128_00069.txt,dataset/raw/wikimia/WikiMIA_WikiMIA_length128_00069.txt,wikimia,WikiMIA,WikiMIA_length128,english,0,non_member,81162a379738f073a87e112ecffdcb7c
WikiMIA_WikiMIA_length128_00173.txt,dataset/raw/wikimia/WikiMIA_WikiMIA_length128_00173.txt,wikimia,WikiMIA,WikiMIA_length128,english,1,member,c8b5b6fdb3efdaa2c45a1a5f94605b5c
WikiMIA_WikiMIA_length128_00038.txt,dataset/raw/wikimia/WikiMIA_WikiMIA_length128_00038.txt,wikimia,WikiMIA,WikiMIA_length128,english,1,member,1026d4179accfdfd324df7caac28b036
WikiMIA_WikiMIA_length128_00132.txt,dataset/raw/wikimia/WikiMIA_WikiMIA_length128_00132.txt,wikimia,WikiMIA,WikiMIA_length128,english,0,non_member,7d476f125c2b594cb96f4d6a608e391b
WikiMIA_WikiMIA_length128_00225.txt,dataset/raw/wikimia/WikiMIA_WikiMIA_length128_00225.txt,wikimia,WikiMIA,WikiMIA_length128,english,0,non_member,09036326bf111cb99b04a1d529f4b668
WikiMIA_WikiMIA_length128_00238.txt,dataset/raw/wikimia/WikiMIA_WikiMIA_length128_00238.txt,wikimia,WikiMIA,WikiMIA_length128,english,0,non_member,54c2c1493ec279f8f076e9dac6d21248
WikiMIA_WikiMIA_length128_00119.txt,dataset/raw/wikimia/WikiMIA_WikiMIA_length128_00119.txt,wikimia,WikiMIA,WikiMIA_length128,english,1,member,056b2c85339be4b285e69ed154a6ce90
WikiMIA_WikiMIA_length128_00136.txt,dataset/raw/wikimia/WikiMIA_WikiMIA_length128_00136.txt,wikimia,WikiMIA,WikiMIA_length128,english,0,non_member,83de3bf4d924fb9a838bdd7d0da8879e
WikiMIA_WikiMIA_length128_00066.txt,dataset/raw/wikimia/WikiMIA_WikiMIA_length128_00066.txt,wikimia,WikiMIA,WikiMIA_length128,english,1,member,0b247ab98b6379be705194507db84f92
WikiMIA_WikiMIA_length128_00217.txt,dataset/raw/wikimia/WikiMIA_WikiMIA_length128_00217.txt,wikimia,WikiMIA,WikiMIA_length128,english,1,member,05cfbd4a5382922cd24ac46df8bb52dc
WikiMIA_WikiMIA_length128_00154.txt,dataset/raw/wikimia/WikiMIA_WikiMIA_length128_00154.txt,wikimia,WikiMIA,WikiMIA_length128,english,1,member,d8d56064328ecfda4d8d9b28e8c8d75a
WikiMIA_WikiMIA_length128_00168.txt,dataset/raw/wikimia/WikiMIA_WikiMIA_length128_00168.txt,wikimia,WikiMIA,WikiMIA_length128,english,0,non_member,4e578785690cf9fb9d93b0cc88c58deb
WikiMIA_WikiMIA_length128_00229.txt,dataset/raw/wikimia/WikiMIA_WikiMIA_length128_00229.txt,wikimia,WikiMIA,WikiMIA_length128,english,1,member,7e013ae36612aeaa14d530ce9ed4690b
WikiMIA_WikiMIA_length128_00233.txt,dataset/raw/wikimia/WikiMIA_WikiMIA_length128_00233.txt,wikimia,WikiMIA,WikiMIA_length128,english,0,non_member,5eeebaec35cf0e02dad477b542647fdf
WikiMIA_WikiMIA_length128_00156.txt,dataset/raw/wikimia/WikiMIA_WikiMIA_length128_00156.txt,wikimia,WikiMIA,WikiMIA_length128,english,0,non_member,75f494560335d3c94ff28fc394e53675
WikiMIA_WikiMIA_length128_00117.txt,dataset/raw/wikimia/WikiMIA_WikiMIA_length128_00117.txt,wikimia,WikiMIA,WikiMIA_length128,english,1,member,16df19eac11df62cc75c1022798c9b59
WikiMIA_WikiMIA_length128_00084.txt,dataset/raw/wikimia/WikiMIA_WikiMIA_length128_00084.txt,wikimia,WikiMIA,WikiMIA_length128,english,0,non_member,74919ddc008f564b5fd8f3746e3ecc0f
WikiMIA_WikiMIA_length128_00125.txt,dataset/raw/wikimia/WikiMIA_WikiMIA_length128_00125.txt,wikimia,WikiMIA,WikiMIA_length128,english,1,member,ffcc41c914f5086b5caf516070c1e0f3
WikiMIA_WikiMIA_length128_00167.txt,dataset/raw/wikimia/WikiMIA_WikiMIA_length128_00167.txt,wikimia,WikiMIA,WikiMIA_length128,english,0,non_member,6a3b40143b2c071e3051307a0e78099e
WikiMIA_WikiMIA_length128_00245.txt,dataset/raw/wikimia/WikiMIA_WikiMIA_length128_00245.txt,wikimia,WikiMIA,WikiMIA_length128,english,1,member,e25259d40e5e178ffe37ed5e210b236a
WikiMIA_WikiMIA_length128_00109.txt,dataset/raw/wikimia/WikiMIA_WikiMIA_length128_00109.txt,wikimia,WikiMIA,WikiMIA_length128,english,1,member,e1e3b977a6ab7a2320fc1460d4276ba7
WikiMIA_WikiMIA_length128_00172.txt,dataset/raw/wikimia/WikiMIA_WikiMIA_length128_00172.txt,wikimia,WikiMIA,WikiMIA_length128,english,1,member,54eafef379f414243143f1bf48c9e224
WikiMIA_WikiMIA_length128_00234.txt,dataset/raw/wikimia/WikiMIA_WikiMIA_length128_00234.txt,wikimia,WikiMIA,WikiMIA_length128,english,1,member,9f9976dbe4eda40d70a5ac34a312dcb0
WikiMIA_WikiMIA_length128_00073.txt,dataset/raw/wikimia/WikiMIA_WikiMIA_length128_00073.txt,wikimia,WikiMIA,WikiMIA_length128,english,1,member,80f86ed4cf4e1cb888f26241482cac3d
WikiMIA_WikiMIA_length128_00158.txt,dataset/raw/wikimia/WikiMIA_WikiMIA_length128_00158.txt,wikimia,WikiMIA,WikiMIA_length128,english,0,non_member,33c9b7d181fee5535f916323b78f8419
WikiMIA_WikiMIA_length128_00115.txt,dataset/raw/wikimia/WikiMIA_WikiMIA_length128_00115.txt,wikimia,WikiMIA,WikiMIA_length128,english,0,non_member,79f341b2b93979f528c16bf317ecb009
WikiMIA_WikiMIA_length128_00075.txt,dataset/raw/wikimia/WikiMIA_WikiMIA_length128_00075.txt,wikimia,WikiMIA,WikiMIA_length128,english,1,member,2bf7a9cb672e61e405e9b27b3ee315f4
WikiMIA_WikiMIA_length128_00237.txt,dataset/raw/wikimia/WikiMIA_WikiMIA_length128_00237.txt,wikimia,WikiMIA,WikiMIA_length128,english,0,non_member,bb5263ddc465f05f1a354a61efec09ec
WikiMIA_WikiMIA_length128_00082.txt,dataset/raw/wikimia/WikiMIA_WikiMIA_length128_00082.txt,wikimia,WikiMIA,WikiMIA_length128,english,1,member,f8b98080079eccf839f3b8bfc375f7bf
WikiMIA_WikiMIA_length128_00029.txt,dataset/raw/wikimia/WikiMIA_WikiMIA_length128_00029.txt,wikimia,WikiMIA,WikiMIA_length128,english,1,member,3157db87ec3a6dbe72451c07a0429829
WikiMIA_WikiMIA_length128_00126.txt,dataset/raw/wikimia/WikiMIA_WikiMIA_length128_00126.txt,wikimia,WikiMIA,WikiMIA_length128,english,0,non_member,18e8ea10ac3296785b2c331af5de04e0
WikiMIA_WikiMIA_length128_00079.txt,dataset/raw/wikimia/WikiMIA_WikiMIA_length128_00079.txt,wikimia,WikiMIA,WikiMIA_length128,english,1,member,1772c887c1d9d28b39e91483d811d30e
WikiMIA_WikiMIA_length128_00086.txt,dataset/raw/wikimia/WikiMIA_WikiMIA_length128_00086.txt,wikimia,WikiMIA,WikiMIA_length128,english,0,non_member,9fa5826e7ec1130b9294a8ab314df8fa
WikiMIA_WikiMIA_length128_00005.txt,dataset/raw/wikimia/WikiMIA_WikiMIA_length128_00005.txt,wikimia,WikiMIA,WikiMIA_length128,english,0,non_member,2bc914e66098abcf95fd6c0893e83d2a
WikiMIA_WikiMIA_length128_00056.txt,dataset/raw/wikimia/WikiMIA_WikiMIA_length128_00056.txt,wikimia,WikiMIA,WikiMIA_length128,english,0,non_member,2a7d7890eb212b91c0b1a1122c954daf
WikiMIA_WikiMIA_length128_00186.txt,dataset/raw/wikimia/WikiMIA_WikiMIA_length128_00186.txt,wikimia,WikiMIA,WikiMIA_length128,english,1,member,82aff02f53f31fbc88c6bfa76b21b4a6
WikiMIA_WikiMIA_length128_00231.txt,dataset/raw/wikimia/WikiMIA_WikiMIA_length128_00231.txt,wikimia,WikiMIA,WikiMIA_length128,english,0,non_member,be9d2646c40673cf3949dd8434ca6cd8
WikiMIA_WikiMIA_length128_00170.txt,dataset/raw/wikimia/WikiMIA_WikiMIA_length128_00170.txt,wikimia,WikiMIA,WikiMIA_length128,english,0,non_member,b2de7fc92b7a664d3c34ecf0ef510076
WikiMIA_WikiMIA_length128_00065.txt,dataset/raw/wikimia/WikiMIA_WikiMIA_length128_00065.txt,wikimia,WikiMIA,WikiMIA_length128,english,1,member,f61b1e547d361123683afa7ee7bd8ea4
WikiMIA_WikiMIA_length128_00140.txt,dataset/raw/wikimia/WikiMIA_WikiMIA_length128_00140.txt,wikimia,WikiMIA,WikiMIA_length128,english,0,non_member,98e05964d075acafc92b5154e80dc57b
WikiMIA_WikiMIA_length128_00124.txt,dataset/raw/wikimia/WikiMIA_WikiMIA_length128_00124.txt,wikimia,WikiMIA,WikiMIA_length128,english,1,member,5ee88be3b4d91eeaf0098541dd1a9e29
WikiMIA_WikiMIA_length128_00213.txt,dataset/raw/wikimia/WikiMIA_WikiMIA_length128_00213.txt,wikimia,WikiMIA,WikiMIA_length128,english,1,member,bd268d2e3c0e2174abf064ac395b8eea
WikiMIA_WikiMIA_length128_00148.txt,dataset/raw/wikimia/WikiMIA_WikiMIA_length128_00148.txt,wikimia,WikiMIA,WikiMIA_length128,english,1,member,b3d4c7bd63916e4fb58f373ffd60ed6b
WikiMIA_WikiMIA_length128_00031.txt,dataset/raw/wikimia/WikiMIA_WikiMIA_length128_00031.txt,wikimia,WikiMIA,WikiMIA_length128,english,0,non_member,db307262ee07f134061569e0fde0ab85
WikiMIA_WikiMIA_length128_00012.txt,dataset/raw/wikimia/WikiMIA_WikiMIA_length128_00012.txt,wikimia,WikiMIA,WikiMIA_length128,english,1,member,57876478b0ddc993292e87a7ad0a794a
WikiMIA_WikiMIA_length128_00035.txt,dataset/raw/wikimia/WikiMIA_WikiMIA_length128_00035.txt,wikimia,WikiMIA,WikiMIA_length128,english,1,member,1f9b14754023839b49559d070226c93a
WikiMIA_WikiMIA_length128_00028.txt,dataset/raw/wikimia/WikiMIA_WikiMIA_length128_00028.txt,wikimia,WikiMIA,WikiMIA_length128,english,1,member,4a6d06f9779684eb3fda7042d34bf30a
WikiMIA_WikiMIA_length128_00042.txt,dataset/raw/wikimia/WikiMIA_WikiMIA_length128_00042.txt,wikimia,WikiMIA,WikiMIA_length128,english,1,member,604551ae6714df3c280d34d4edc06f04
WikiMIA_WikiMIA_length128_00218.txt,dataset/raw/wikimia/WikiMIA_WikiMIA_length128_00218.txt,wikimia,WikiMIA,WikiMIA_length128,english,0,non_member,330df4b90ffa49f9df3458a25974356a
WikiMIA_WikiMIA_length128_00022.txt,dataset/raw/wikimia/WikiMIA_WikiMIA_length128_00022.txt,wikimia,WikiMIA,WikiMIA_length128,english,0,non_member,74047bd50c7f10a5854894e87419b8a3
WikiMIA_WikiMIA_length128_00093.txt,dataset/raw/wikimia/WikiMIA_WikiMIA_length128_00093.txt,wikimia,WikiMIA,WikiMIA_length128,english,1,member,8dacbef2ba2cb61f0cce8f77a68f1442
WikiMIA_WikiMIA_length128_00212.txt,dataset/raw/wikimia/WikiMIA_WikiMIA_length128_00212.txt,wikimia,WikiMIA,WikiMIA_length128,english,0,non_member,5b92deaf99b8f470853adc0c5f0df084
WikiMIA_WikiMIA_length128_00101.txt,dataset/raw/wikimia/WikiMIA_WikiMIA_length128_00101.txt,wikimia,WikiMIA,WikiMIA_length128,english,1,member,efa6987b8f7433c8f6465daa456b127c
WikiMIA_WikiMIA_length128_00051.txt,dataset/raw/wikimia/WikiMIA_WikiMIA_length128_00051.txt,wikimia,WikiMIA,WikiMIA_length128,english,1,member,2a58338cf30851cf7c23e402ac9774c4
WikiMIA_WikiMIA_length128_00095.txt,dataset/raw/wikimia/WikiMIA_WikiMIA_length128_00095.txt,wikimia,WikiMIA,WikiMIA_length128,english,0,non_member,1cc648baba06ee7413ac4dc3b2ed9c51
WikiMIA_WikiMIA_length128_00143.txt,dataset/raw/wikimia/WikiMIA_WikiMIA_length128_00143.txt,wikimia,WikiMIA,WikiMIA_length128,english,1,member,12bac3a1944a5b4fe15e82e7a18c5d87
WikiMIA_WikiMIA_length128_00199.txt,dataset/raw/wikimia/WikiMIA_WikiMIA_length128_00199.txt,wikimia,WikiMIA,WikiMIA_length128,english,1,member,b6de25868bc7e0d5b441d250591e264c
WikiMIA_WikiMIA_length128_00076.txt,dataset/raw/wikimia/WikiMIA_WikiMIA_length128_00076.txt,wikimia,WikiMIA,WikiMIA_length128,english,1,member,9ab46890213edd465f8971594a1f480d
WikiMIA_WikiMIA_length128_00041.txt,dataset/raw/wikimia/WikiMIA_WikiMIA_length128_00041.txt,wikimia,WikiMIA,WikiMIA_length128,english,1,member,d4067c79bb424842c4c063d79c4a4121
WikiMIA_WikiMIA_length128_00113.txt,dataset/raw/wikimia/WikiMIA_WikiMIA_length128_00113.txt,wikimia,WikiMIA,WikiMIA_length128,english,1,member,9289754b72492423369f745ee8c33876
WikiMIA_WikiMIA_length128_00152.txt,dataset/raw/wikimia/WikiMIA_WikiMIA_length128_00152.txt,wikimia,WikiMIA,WikiMIA_length128,english,0,non_member,88668fce0c7ad078ab6814b6811396bf
WikiMIA_WikiMIA_length128_00078.txt,dataset/raw/wikimia/WikiMIA_WikiMIA_length128_00078.txt,wikimia,WikiMIA,WikiMIA_length128,english,1,member,5e18234cc78015ecbe030af5584be1b4
WikiMIA_WikiMIA_length128_00147.txt,dataset/raw/wikimia/WikiMIA_WikiMIA_length128_00147.txt,wikimia,WikiMIA,WikiMIA_length128,english,1,member,7fc812905af0305980f472661f435565
WikiMIA_WikiMIA_length128_00026.txt,dataset/raw/wikimia/WikiMIA_WikiMIA_length128_00026.txt,wikimia,WikiMIA,WikiMIA_length128,english,0,non_member,5c5a5bc316598421ae7e4d5d7878edc3
WikiMIA_WikiMIA_length128_00241.txt,dataset/raw/wikimia/WikiMIA_WikiMIA_length128_00241.txt,wikimia,WikiMIA,WikiMIA_length128,english,1,member,4c57b1ee870883fe6f1ea8b67703d10f
WikiMIA_WikiMIA_length128_00164.txt,dataset/raw/wikimia/WikiMIA_WikiMIA_length128_00164.txt,wikimia,WikiMIA,WikiMIA_length128,english,0,non_member,c7c166b7ac35b0fa7043cf61f4a6b8fe
WikiMIA_WikiMIA_length128_00243.txt,dataset/raw/wikimia/WikiMIA_WikiMIA_length128_00243.txt,wikimia,WikiMIA,WikiMIA_length128,english,1,member,d068652a75d476aa4dbe3e67f7d36439
WikiMIA_WikiMIA_length128_00137.txt,dataset/raw/wikimia/WikiMIA_WikiMIA_length128_00137.txt,wikimia,WikiMIA,WikiMIA_length128,english,0,non_member,ca5b94bed8e23e700fede837f4f3da04
WikiMIA_WikiMIA_length128_00000.txt,dataset/raw/wikimia/WikiMIA_WikiMIA_length128_00000.txt,wikimia,WikiMIA,WikiMIA_length128,english,1,member,49efe15d68d9e54c67b2eff27e25dfa5
WikiMIA_WikiMIA_length128_00002.txt,dataset/raw/wikimia/WikiMIA_WikiMIA_length128_00002.txt,wikimia,WikiMIA,WikiMIA_length128,english,1,member,9fcb29134f71271b105bc134c9e39133
WikiMIA_WikiMIA_length128_00077.txt,dataset/raw/wikimia/WikiMIA_WikiMIA_length128_00077.txt,wikimia,WikiMIA,WikiMIA_length128,english,0,non_member,053f3ff5cc43e21498c5e07aa17e0b6a
WikiMIA_WikiMIA_length128_00046.txt,dataset/raw/wikimia/WikiMIA_WikiMIA_length128_00046.txt,wikimia,WikiMIA,WikiMIA_length128,english,1,member,400869ea045e406ab041880016050889
WikiMIA_WikiMIA_length128_00100.txt,dataset/raw/wikimia/WikiMIA_WikiMIA_length128_00100.txt,wikimia,WikiMIA,WikiMIA_length128,english,1,member,2d9516debc4de0a1cf6d44861b183e95
WikiMIA_WikiMIA_length128_00127.txt,dataset/raw/wikimia/WikiMIA_WikiMIA_length128_00127.txt,wikimia,WikiMIA,WikiMIA_length128,english,0,non_member,eefb63047e7cf14babfb43fb4a2816aa
WikiMIA_WikiMIA_length128_00150.txt,dataset/raw/wikimia/WikiMIA_WikiMIA_length128_00150.txt,wikimia,WikiMIA,WikiMIA_length128,english,1,member,941708ac9cc1b1b70988e303f5efaeae
WikiMIA_WikiMIA_length128_00248.txt,dataset/raw/wikimia/WikiMIA_WikiMIA_length128_00248.txt,wikimia,WikiMIA,WikiMIA_length128,english,1,member,7f17eb293ce60370b9b59554c8e633ce
WikiMIA_WikiMIA_length128_00090.txt,dataset/raw/wikimia/WikiMIA_WikiMIA_length128_00090.txt,wikimia,WikiMIA,WikiMIA_length128,english,0,non_member,bb168299c627b48763127f74b53576f5
WikiMIA_WikiMIA_length128_00085.txt,dataset/raw/wikimia/WikiMIA_WikiMIA_length128_00085.txt,wikimia,WikiMIA,WikiMIA_length128,english,1,member,ea6dca5beff069e50d46b313dc558a79
WikiMIA_WikiMIA_length128_00175.txt,dataset/raw/wikimia/WikiMIA_WikiMIA_length128_00175.txt,wikimia,WikiMIA,WikiMIA_length128,english,1,member,f80f982eb116b90dc6c31451fc3308fa
WikiMIA_WikiMIA_length128_00195.txt,dataset/raw/wikimia/WikiMIA_WikiMIA_length128_00195.txt,wikimia,WikiMIA,WikiMIA_length128,english,0,non_member,2114322e607a4b0d52e948ec47d490f7
WikiMIA_WikiMIA_length128_00098.txt,dataset/raw/wikimia/WikiMIA_WikiMIA_length128_00098.txt,wikimia,WikiMIA,WikiMIA_length128,english,0,non_member,81b5d7693ce2deafda82e9d5b8390637
WikiMIA_WikiMIA_length128_00036.txt,dataset/raw/wikimia/WikiMIA_WikiMIA_length128_00036.txt,wikimia,WikiMIA,WikiMIA_length128,english,0,non_member,ea70c08300a2a381daa83204794ad291
WikiMIA_WikiMIA_length128_00061.txt,dataset/raw/wikimia/WikiMIA_WikiMIA_length128_00061.txt,wikimia,WikiMIA,WikiMIA_length128,english,0,non_member,5ee59f8a5336f919646ae2fedab8cb1c
WikiMIA_WikiMIA_length128_00162.txt,dataset/raw/wikimia/WikiMIA_WikiMIA_length128_00162.txt,wikimia,WikiMIA,WikiMIA_length128,english,1,member,323ff6db2dcf390484f4f2499985acc3
WikiMIA_WikiMIA_length128_00139.txt,dataset/raw/wikimia/WikiMIA_WikiMIA_length128_00139.txt,wikimia,WikiMIA,WikiMIA_length128,english,1,member,79f671e142f35d31ec4c964568ffb49d
WikiMIA_WikiMIA_length128_00011.txt,dataset/raw/wikimia/WikiMIA_WikiMIA_length128_00011.txt,wikimia,WikiMIA,WikiMIA_length128,english,1,member,fcc95269da4b4a7fd33880161dc40f9e
WikiMIA_WikiMIA_length128_00244.txt,dataset/raw/wikimia/WikiMIA_WikiMIA_length128_00244.txt,wikimia,WikiMIA,WikiMIA_length128,english,1,member,6ca779013078833d19f6d634146b4571
WikiMIA_WikiMIA_length128_00198.txt,dataset/raw/wikimia/WikiMIA_WikiMIA_length128_00198.txt,wikimia,WikiMIA,WikiMIA_length128,english,0,non_member,54fc4cfbf6af7305856ff7be18694bd9
WikiMIA_WikiMIA_length128_00027.txt,dataset/raw/wikimia/WikiMIA_WikiMIA_length128_00027.txt,wikimia,WikiMIA,WikiMIA_length128,english,1,member,9d44b95cbc078723076b27a608803d23
WikiMIA_WikiMIA_length128_00155.txt,dataset/raw/wikimia/WikiMIA_WikiMIA_length128_00155.txt,wikimia,WikiMIA,WikiMIA_length128,english,1,member,a9d51341d4e9f0b707a165b9034090f4
WikiMIA_WikiMIA_length128_00004.txt,dataset/raw/wikimia/WikiMIA_WikiMIA_length128_00004.txt,wikimia,WikiMIA,WikiMIA_length128,english,1,member,42ab17eeea769b18fc07df8ee2904982
WikiMIA_WikiMIA_length128_00122.txt,dataset/raw/wikimia/WikiMIA_WikiMIA_length128_00122.txt,wikimia,WikiMIA,WikiMIA_length128,english,1,member,b11690c5fac202e7e462b5283d922795
WikiMIA_WikiMIA_length128_00032.txt,dataset/raw/wikimia/WikiMIA_WikiMIA_length128_00032.txt,wikimia,WikiMIA,WikiMIA_length128,english,1,member,ca3c9e106868622896560a7675810d05
WikiMIA_WikiMIA_length128_00144.txt,dataset/raw/wikimia/WikiMIA_WikiMIA_length128_00144.txt,wikimia,WikiMIA,WikiMIA_length128,english,1,member,a9b4ac3a559cb6eef896f0b2868841fb
WikiMIA_WikiMIA_length128_00178.txt,dataset/raw/wikimia/WikiMIA_WikiMIA_length128_00178.txt,wikimia,WikiMIA,WikiMIA_length128,english,0,non_member,738b6d69532debe1ae0e5385f422c412
WikiMIA_WikiMIA_length128_00138.txt,dataset/raw/wikimia/WikiMIA_WikiMIA_length128_00138.txt,wikimia,WikiMIA,WikiMIA_length128,english,0,non_member,557c9107dce44cb5a97a49557b783d81
WikiMIA_WikiMIA_length128_00062.txt,dataset/raw/wikimia/WikiMIA_WikiMIA_length128_00062.txt,wikimia,WikiMIA,WikiMIA_length128,english,1,member,b629030b834c0beb6a9ffb6dcd2ffb57
WikiMIA_WikiMIA_length128_00135.txt,dataset/raw/wikimia/WikiMIA_WikiMIA_length128_00135.txt,wikimia,WikiMIA,WikiMIA_length128,english,1,member,0fb67957bbb1d34ee97d92db3682bf67
WikiMIA_WikiMIA_length128_00128.txt,dataset/raw/wikimia/WikiMIA_WikiMIA_length128_00128.txt,wikimia,WikiMIA,WikiMIA_length128,english,0,non_member,4bda5ece71313d57b55e77c9730e1c87
WikiMIA_WikiMIA_length128_00226.txt,dataset/raw/wikimia/WikiMIA_WikiMIA_length128_00226.txt,wikimia,WikiMIA,WikiMIA_length128,english,1,member,dae565926b09efd44721e321b99c9957
WikiMIA_WikiMIA_length128_00205.txt,dataset/raw/wikimia/WikiMIA_WikiMIA_length128_00205.txt,wikimia,WikiMIA,WikiMIA_length128,english,1,member,2dec9535274b6af8c4cde76ee68ef9ec
WikiMIA_WikiMIA_length128_00070.txt,dataset/raw/wikimia/WikiMIA_WikiMIA_length128_00070.txt,wikimia,WikiMIA,WikiMIA_length128,english,1,member,ddbed002c48cae1bde0fb09da1b30c3c
WikiMIA_WikiMIA_length128_00192.txt,dataset/raw/wikimia/WikiMIA_WikiMIA_length128_00192.txt,wikimia,WikiMIA,WikiMIA_length128,english,0,non_member,56c50ef0bc4adff9d122004e52e50324
WikiMIA_WikiMIA_length128_00064.txt,dataset/raw/wikimia/WikiMIA_WikiMIA_length128_00064.txt,wikimia,WikiMIA,WikiMIA_length128,english,0,non_member,90aec4fc8ed99ab9276930380bb80d7a
WikiMIA_WikiMIA_length128_00044.txt,dataset/raw/wikimia/WikiMIA_WikiMIA_length128_00044.txt,wikimia,WikiMIA,WikiMIA_length128,english,1,member,84c4dd8e72ddbb18bc0739e89df53b75
WikiMIA_WikiMIA_length128_00165.txt,dataset/raw/wikimia/WikiMIA_WikiMIA_length128_00165.txt,wikimia,WikiMIA,WikiMIA_length128,english,1,member,0dc80c6b48236215764e02579fbf6466
WikiMIA_WikiMIA_length128_00040.txt,dataset/raw/wikimia/WikiMIA_WikiMIA_length128_00040.txt,wikimia,WikiMIA,WikiMIA_length128,english,1,member,010bdd76af558b1c02a075554f6dff5d
WikiMIA_WikiMIA_length128_00123.txt,dataset/raw/wikimia/WikiMIA_WikiMIA_length128_00123.txt,wikimia,WikiMIA,WikiMIA_length128,english,1,member,13f6934dbf6a9621faabbe0875cdf310
WikiMIA_WikiMIA_length128_00153.txt,dataset/raw/wikimia/WikiMIA_WikiMIA_length128_00153.txt,wikimia,WikiMIA,WikiMIA_length128,english,0,non_member,a4bde1956650feb2fc72527d1b2e4b69
WikiMIA_WikiMIA_length128_00023.txt,dataset/raw/wikimia/WikiMIA_WikiMIA_length128_00023.txt,wikimia,WikiMIA,WikiMIA_length128,english,1,member,75b182ef66fe0efcddd1627e3bca877c
WikiMIA_WikiMIA_length128_00211.txt,dataset/raw/wikimia/WikiMIA_WikiMIA_length128_00211.txt,wikimia,WikiMIA,WikiMIA_length128,english,1,member,14884292a02a805a7d7c6e8c8644743f
WikiMIA_WikiMIA_length128_00183.txt,dataset/raw/wikimia/WikiMIA_WikiMIA_length128_00183.txt,wikimia,WikiMIA,WikiMIA_length128,english,1,member,50637a761418c5f50f4195ca1e3d59c3
WikiMIA_WikiMIA_length128_00081.txt,dataset/raw/wikimia/WikiMIA_WikiMIA_length128_00081.txt,wikimia,WikiMIA,WikiMIA_length128,english,1,member,9e0345bad308d4f183faf9eca3771e69
WikiMIA_WikiMIA_length128_00039.txt,dataset/raw/wikimia/WikiMIA_WikiMIA_length128_00039.txt,wikimia,WikiMIA,WikiMIA_length128,english,0,non_member,f333ec159f3b960936793bb72e697b65
WikiMIA_WikiMIA_length128_00209.txt,dataset/raw/wikimia/WikiMIA_WikiMIA_length128_00209.txt,wikimia,WikiMIA,WikiMIA_length128,english,1,member,92a72511a1f0b80c3fc5bcffe5f62628
WikiMIA_WikiMIA_length128_00047.txt,dataset/raw/wikimia/WikiMIA_WikiMIA_length128_00047.txt,wikimia,WikiMIA,WikiMIA_length128,english,0,non_member,17ddcb9b6efa091918480d82b72b71f7
WikiMIA_WikiMIA_length128_00094.txt,dataset/raw/wikimia/WikiMIA_WikiMIA_length128_00094.txt,wikimia,WikiMIA,WikiMIA_length128,english,1,member,36062b8d271cc206aa92e154ba67660f
WikiMIA_WikiMIA_length128_00190.txt,dataset/raw/wikimia/WikiMIA_WikiMIA_length128_00190.txt,wikimia,WikiMIA,WikiMIA_length128,english,1,member,84f774191e87e8c6584df437260ff519
WikiMIA_WikiMIA_length128_00161.txt,dataset/raw/wikimia/WikiMIA_WikiMIA_length128_00161.txt,wikimia,WikiMIA,WikiMIA_length128,english,1,member,4f280eb1340bcaffd923c57eaa9aba66
WikiMIA_WikiMIA_length128_00043.txt,dataset/raw/wikimia/WikiMIA_WikiMIA_length128_00043.txt,wikimia,WikiMIA,WikiMIA_length128,english,0,non_member,7809ee9f8ca0952486ead63921c92927
WikiMIA_WikiMIA_length128_00145.txt,dataset/raw/wikimia/WikiMIA_WikiMIA_length128_00145.txt,wikimia,WikiMIA,WikiMIA_length128,english,1,member,7a17ba2c3555d12ff6bb28fb31f80d0e
WikiMIA_WikiMIA_length128_00182.txt,dataset/raw/wikimia/WikiMIA_WikiMIA_length128_00182.txt,wikimia,WikiMIA,WikiMIA_length128,english,0,non_member,84d897b75cae3f6933d85fcf0c78b0f3
WikiMIA_WikiMIA_length128_00003.txt,dataset/raw/wikimia/WikiMIA_WikiMIA_length128_00003.txt,wikimia,WikiMIA,WikiMIA_length128,english,1,member,91aeb74bfb40c41406415458f838e9ff
WikiMIA_WikiMIA_length128_00105.txt,dataset/raw/wikimia/WikiMIA_WikiMIA_length128_00105.txt,wikimia,WikiMIA,WikiMIA_length128,english,1,member,b8eeb53e1b0f080d8a1248e31ddc35d7
WikiMIA_WikiMIA_length128_00053.txt,dataset/raw/wikimia/WikiMIA_WikiMIA_length128_00053.txt,wikimia,WikiMIA,WikiMIA_length128,english,0,non_member,788b3dbfddbe65938183c6fa924bb58b
WikiMIA_WikiMIA_length128_00133.txt,dataset/raw/wikimia/WikiMIA_WikiMIA_length128_00133.txt,wikimia,WikiMIA,WikiMIA_length128,english,1,member,cb57e40f76e1d07b33bd3c0f2e5ca69f
WikiMIA_WikiMIA_length128_00227.txt,dataset/raw/wikimia/WikiMIA_WikiMIA_length128_00227.txt,wikimia,WikiMIA,WikiMIA_length128,english,0,non_member,b59a35c04fad72677742e42b9f84a5a3
WikiMIA_WikiMIA_length128_00193.txt,dataset/raw/wikimia/WikiMIA_WikiMIA_length128_00193.txt,wikimia,WikiMIA,WikiMIA_length128,english,1,member,e660f3117404510ba931abe1f55715a0
WikiMIA_WikiMIA_length128_00232.txt,dataset/raw/wikimia/WikiMIA_WikiMIA_length128_00232.txt,wikimia,WikiMIA,WikiMIA_length128,english,1,member,777b627065dcaa5f9cbaf84943760ad4
WikiMIA_WikiMIA_length128_00049.txt,dataset/raw/wikimia/WikiMIA_WikiMIA_length128_00049.txt,wikimia,WikiMIA,WikiMIA_length128,english,0,non_member,8f774fe274541d59683550b8ec1033b9
WikiMIA_WikiMIA_length128_00163.txt,dataset/raw/wikimia/WikiMIA_WikiMIA_length128_00163.txt,wikimia,WikiMIA,WikiMIA_length128,english,0,non_member,d76cec0ba6c2f7501ed77d1348b0a7e8
WikiMIA_WikiMIA_length128_00080.txt,dataset/raw/wikimia/WikiMIA_WikiMIA_length128_00080.txt,wikimia,WikiMIA,WikiMIA_length128,english,1,member,a36997ef46c7f63a6dfd0959661f0c9a
WikiMIA_WikiMIA_length128_00034.txt,dataset/raw/wikimia/WikiMIA_WikiMIA_length128_00034.txt,wikimia,WikiMIA,WikiMIA_length128,english,1,member,2aed14422b40aa44896fd583048ae3eb
WikiMIA_WikiMIA_length128_00206.txt,dataset/raw/wikimia/WikiMIA_WikiMIA_length128_00206.txt,wikimia,WikiMIA,WikiMIA_length128,english,1,member,348898264961e06c01a3c7d18b4e5d09
WikiMIA_WikiMIA_length128_00007.txt,dataset/raw/wikimia/WikiMIA_WikiMIA_length128_00007.txt,wikimia,WikiMIA,WikiMIA_length128,english,1,member,bcd702f97f6745b5950dff5cf41ff4a8
WikiMIA_WikiMIA_length128_00171.txt,dataset/raw/wikimia/WikiMIA_WikiMIA_length128_00171.txt,wikimia,WikiMIA,WikiMIA_length128,english,0,non_member,2059c29697d167ce73cdddd035b40313
WikiMIA_WikiMIA_length128_00110.txt,dataset/raw/wikimia/WikiMIA_WikiMIA_length128_00110.txt,wikimia,WikiMIA,WikiMIA_length128,english,0,non_member,920a97f49710a9c4d0810fd27e2c6b5b
WikiMIA_WikiMIA_length128_00091.txt,dataset/raw/wikimia/WikiMIA_WikiMIA_length128_00091.txt,wikimia,WikiMIA,WikiMIA_length128,english,0,non_member,06da47f9a5b14cddcdb559128c150c43
WikiMIA_WikiMIA_length128_00083.txt,dataset/raw/wikimia/WikiMIA_WikiMIA_length128_00083.txt,wikimia,WikiMIA,WikiMIA_length128,english,0,non_member,815419708b8d4462ff59c93453553d68
WikiMIA_WikiMIA_length128_00223.txt,dataset/raw/wikimia/WikiMIA_WikiMIA_length128_00223.txt,wikimia,WikiMIA,WikiMIA_length128,english,0,non_member,e418b1f0858a23ef94b2298f91771be9
WikiMIA_WikiMIA_length128_00228.txt,dataset/raw/wikimia/WikiMIA_WikiMIA_length128_00228.txt,wikimia,WikiMIA,WikiMIA_length128,english,1,member,ed693a94fe945e2db42e166bea15a251
WikiMIA_WikiMIA_length128_00089.txt,dataset/raw/wikimia/WikiMIA_WikiMIA_length128_00089.txt,wikimia,WikiMIA,WikiMIA_length128,english,0,non_member,4ac24e182189e6e36d20578510ee0d2e
WikiMIA_WikiMIA_length128_00008.txt,dataset/raw/wikimia/WikiMIA_WikiMIA_length128_00008.txt,wikimia,WikiMIA,WikiMIA_length128,english,1,member,059f3211bc1737b187740c46f9ce7420
WikiMIA_WikiMIA_length128_00013.txt,dataset/raw/wikimia/WikiMIA_WikiMIA_length128_00013.txt,wikimia,WikiMIA,WikiMIA_length128,english,1,member,afdf68e7c5b894afe3db4af9fb4ac8de
WikiMIA_WikiMIA_length128_00059.txt,dataset/raw/wikimia/WikiMIA_WikiMIA_length128_00059.txt,wikimia,WikiMIA,WikiMIA_length128,english,1,member,0db4879f91a16cab0da3abb43bd7f75e
WikiMIA_WikiMIA_length128_00215.txt,dataset/raw/wikimia/WikiMIA_WikiMIA_length128_00215.txt,wikimia,WikiMIA,WikiMIA_length128,english,1,member,34bac6b258d67d6578b797a2b786351e
WikiMIA_WikiMIA_length128_00131.txt,dataset/raw/wikimia/WikiMIA_WikiMIA_length128_00131.txt,wikimia,WikiMIA,WikiMIA_length128,english,1,member,33e31581574da57d6cddf96fabefe2d9
WikiMIA_WikiMIA_length128_00017.txt,dataset/raw/wikimia/WikiMIA_WikiMIA_length128_00017.txt,wikimia,WikiMIA,WikiMIA_length128,english,1,member,945bd6c07a64c3d0d6de8096711aac9f
WikiMIA_WikiMIA_length128_00166.txt,dataset/raw/wikimia/WikiMIA_WikiMIA_length128_00166.txt,wikimia,WikiMIA,WikiMIA_length128,english,0,non_member,80885fd7c15119da4796b3a115ac7ce6
WikiMIA_WikiMIA_length128_00072.txt,dataset/raw/wikimia/WikiMIA_WikiMIA_length128_00072.txt,wikimia,WikiMIA,WikiMIA_length128,english,1,member,f4bfa284d991b07638ab210b70ec7e6c
WikiMIA_WikiMIA_length128_00220.txt,dataset/raw/wikimia/WikiMIA_WikiMIA_length128_00220.txt,wikimia,WikiMIA,WikiMIA_length128,english,1,member,78741138820faf9d45942254d4607b24
WikiMIA_WikiMIA_length128_00134.txt,dataset/raw/wikimia/WikiMIA_WikiMIA_length128_00134.txt,wikimia,WikiMIA,WikiMIA_length128,english,1,member,2325e61ef678c2a45ed2ed80f7fd2ecb
WikiMIA_WikiMIA_length128_00204.txt,dataset/raw/wikimia/WikiMIA_WikiMIA_length128_00204.txt,wikimia,WikiMIA,WikiMIA_length128,english,0,non_member,e4c2563912cbed9aa506b5c8b11a0e3c
