id,dataset,label,membership,run_length,p_rlb,edit_similarity,p_esb,prefix,ground_truth,target_completion,target_model,reference_model
booktection_11845_A.txt,booktection,0,non_member,0,1.0,0.22047244094488194,0.0,"William Christian Bullitt Jr., the United States Ambassador to France, sat behind his massive wooden desk. He did not stand to greet her. He did not even glance up from his paperwork. He was a hard, severe-looking man with a large forehead, dark unemotional eyes, and thick, bushy brows that"," seemed always scrunched in a perpetual frown. In his youth, he’d been a freethinker and somewhat of a radical."," hid his expression. He was a man of few words, and he was not about to start now. She was a tall, slim woman, with a long, lanky figure and a mop of curly dark hair that fell just to her shoulders. She wore a long black skirt, a white blouse, and a dark",Qwen/Qwen2.5-1.5B,Qwen/Qwen2.5-0.5B
booktection_10705_A.txt,booktection,0,non_member,0,1.0,0.17905405405405406,9.820316081133905e-32,"Echo was staggered by the savage spectacle and the delight they took in an execution. Arriving at her familys side, she stood with them, ready to die if need be. Cho, the eldest female, attacked from the side. She picked Echo up, lifting her above her head. Despite her weight, she", threw her with ease. It was Echos first fight and her first experience of pain.," was able to hold her up. Cho then turned her around, and swung her over her shoulder. She then turned her around again, and swung her over her shoulder. Cho then turned her around again, and swung her over her shoulder. Cho then turned her around again, and swung her over her shoulder. Cho then",Qwen/Qwen2.5-1.5B,Qwen/Qwen2.5-0.5B
booktection_05340_A.txt,booktection,1,member,0,1.0,0.2990936555891238,1.1620145264002782e-28,"This was a most unpleasant thought for Grenouille. It frightened him beyond measure to think that once he did possess the scent that he did not yet possess, he must inevitably lose it. How long could he keep it? A few days? A few weeks? Perhaps a whole month, if he perfumed himself very"," sparingly with it? And then? He saw himself shaking the last drops from the bottle, rinsing the flacon with alcohol so that the last little bit would not be lost, and then he saw, smelled, how his beloved scent would vanish in the air, irrevocably, forever. It would be"," carefully. But then, if he perfumed himself very carefully, he would have to perfume himself very carefully again, and again, and again, and then he would have to perfume himself very carefully indeed, and then he would have to perfume himself very carefully indeed, and then he would have to perfume himself very carefully indeed",Qwen/Qwen2.5-1.5B,Qwen/Qwen2.5-0.5B
booktection_04724_A.txt,booktection,1,member,1,0.17639760673046112,0.32835820895522383,0.0,"He, Harry, had broken Wizard law just like Sirius Black. Was inflating Aunt Marge bad enough to land him in Azkaban? Harry didn’t know anything about the wizard prison, though everyone he’d ever heard speak of it did so in the same fearful tone. Hagrid, the Hogwarts gamekeeper,"," had spent two months there only last year. Harry wouldn’t soon forget the look of terror on Hagrid’s face when he had been told where he was going, and Hagrid was one of the bravest people Harry knew."," had told him about it, but he’d only mentioned it in passing, and Harry had barely heard him. He’d been so busy listening to Hagrid talk about the magic in the forest. Harry had asked him about Azkaban, but Hagrid hadn’t known anything about it. He’d said that it was",Qwen/Qwen2.5-1.5B,Qwen/Qwen2.5-0.5B
booktection_12201_A.txt,booktection,0,non_member,0,1.0,0.2638297872340426,3.847945012546664e-20,"I’d like to slice off this Prue McCullen’s plait, which might once have been golden or ebony and a source of pride but is now white and wiry. Weight has settled on her breasts and around her trunk, although her arms and legs are skinny. She’s wearing pale blue tracksuit bottoms,", cheap and unsuitable for her age but I presume easy to slip on and off if she needs to get to the loo in a hurry., a white T-shirt and a black jacket. She’s not wearing a bra. She’s not wearing a bra. She’s not wearing a bra. She’s not wearing a bra. She’s not wearing a bra. She’s not wearing a bra. She’s not wearing a bra. She’s not wearing a bra,Qwen/Qwen2.5-1.5B,Qwen/Qwen2.5-0.5B
booktection_14954_A.txt,booktection,0,non_member,1,0.042082011699676514,0.2442748091603053,1.401298464324817e-45,"Brads having sex! Great: my brother has arrived, right on schedule, to ruin my life. I jerk away from Celine, stomp over to the slightly ajar door (that absolute pervert freak), and shove it wide open. Masons already running downstairs. I turn around. Celines eyes are"," wide and unfocused, her chest is heaving, and for a second, I forget to be pissed because Im very pleased with myself. Hey, I murmur. She blinks hard, presses her lips together, and stands up. Crap. We shouldgo downstairs. Probably. Im going to creep into Mason"," wide, her mouth hanging open. I can see the same look on her face as I saw on my brother's. ""What?"" I ask, trying to keep my voice steady. ""You're...you're...you're...you're...you're...you're...you're...you're...you're",Qwen/Qwen2.5-1.5B,Qwen/Qwen2.5-0.5B
booktection_05132_A.txt,booktection,1,member,0,1.0,0.210727969348659,0.0,"Will had been relaxed and happy in there, oddly enough. They had not given him a second look. They had done a few quads, they said, which explained the ease with which they had handled him. They were surprised when Will said he could feel the needle. Six weeks earlier they had finished inking a", paraplegic who had had trompe l’oeil bionics inked the whole way down one side of his leg.," new tattoo on his arm. It was a simple design, a small circle with a small cross inside. It was a symbol of his faith. He had been in the church for a year. He had been baptized. He had been confirmed. He had been a member of the choir. He had been a member of",Qwen/Qwen2.5-1.5B,Qwen/Qwen2.5-0.5B
booktection_01483_A.txt,booktection,1,member,1,0.270884245634079,0.2651162790697674,1.5387689386581194e-11,"""I was talking about smoke! Don't you want to be rescued? All you can talk about is pig, pig, pig!"" ""But we want meat!"" ""And I work all day with nothing but Simon and you come back and don't even notice the huts!"" ""I was working too--"" ""But"," you like it!"" shouted Ralph. ""You want to hunt! While I--"" They faced each other on the bright beach, astonished at the rub of feeling."," you don't even notice the huts!"" ""I was working too--"" ""But you don't even notice the huts!"" ""I was working too--"" ""But you don't even notice the huts!"" ""I was working too--"" ""But you don't even notice the huts!"" """,Qwen/Qwen2.5-1.5B,Qwen/Qwen2.5-0.5B
booktection_06125_A.txt,booktection,1,member,0,1.0,0.23193916349809884,1.4169143729816697e-35,"The idea staggered me. I remembered, of course, that the World’s Series had been fixed in 1919, but if I had thought of it at all I would have thought of it as a thing that merely  happened,  the end of some inevitable chain. It never occurred to me that", one man could start to play with the faith of fifty million people—with the single-mindedness of a burglar blowing a safe.," it might have been done by a group of men who had been hired to do it. I had never heard of it, and I had never thought of it as a possibility. I had never thought of it as a possibility. I had never thought of it as a possibility. I had never thought of it as a",Qwen/Qwen2.5-1.5B,Qwen/Qwen2.5-0.5B
booktection_12281_A.txt,booktection,0,non_member,0,1.0,0.25560538116591924,2.1269174450334172e-36,"Nick can feel the hard length of him against his stomach and groans. Andy gasps. This feel okay? Nick asks. Yeah. Feels good. Me too. Why did you think youd be bad at this? I said Id be bad at sex. This isnt sex. If you touched my dick,"," it would be in about three seconds. Andy laughs, but then his expression sobers. Is that what you want me to do?", I couldnt help it. I couldnt help it? You couldnt help it? You couldnt help it? You couldnt help it? You couldnt help it? You couldnt help it? You couldnt help it? You couldnt help it? You couldnt help it? You couldnt help,Qwen/Qwen2.5-1.5B,Qwen/Qwen2.5-0.5B
booktection_11999_A.txt,booktection,0,non_member,0,1.0,0.27797833935018046,3.832312813756289e-06,"Well, coulda, woulda, shoulda, I guess. I cant rewind. I cant go back. And Im getting married, for heavens sake. I lifted my soda. Well then, cheers to that. I looked out to where the moon shone silver and bold on the water, the stars electric."," As if reading my mind, Mary Stuart said, Id forgotten there were even stars like this. She was always the one stepping in and changing an awkward subject."," I looked out to where the moon shone silver and bold on the water, the stars electric. I looked out to where the moon shone silver and bold on the water, the stars electric. I looked out to where the moon shone silver and bold on the water, the stars electric. I looked out to",Qwen/Qwen2.5-1.5B,Qwen/Qwen2.5-0.5B
booktection_11905_A.txt,booktection,0,non_member,1,0.006013550329953432,0.27710843373493976,0.0,"Apparently, Brandon had called round again to beg her to accept his pathetic apologies, but she would never have him back as long as she lived. She had other fish to fry. Josie spent a lot of time in the cemetery talking to Harry; it was cool there and afterwards shed sit under the willow tree,", thinking of the good times. Occasionally shed meet Fergal and hed persuade her to have a drink in the beer garden of The Sun.," thinking. She was beginning to think that she had an interest in history after all. Maybe she could be an archeologist or something. You dig what I' m saying, Harry? ""Yes, my love."" said the willow knowingly. ""Yes, we do. We have a lot to tell you,",Qwen/Qwen2.5-1.5B,Qwen/Qwen2.5-0.5B
booktection_01944_A.txt,booktection,1,member,1,0.2397959679365158,0.24897959183673468,1.5945294781038888e-24,"When Dunstan Cass turned his back on the cottage, Silas Marner was not more than a hundred yards away from it, plodding along from the village with a sack thrown round his shoulders as an overcoat, and with a horn lantern in his hand. His legs were weary, but his mind was at"," ease, free from the presentiment of change. The sense of security more frequently springs from habit than from conviction, and for this reason it often subsists after such a change in the conditions as might have been expected to suggest alarm."," ease. He had been a long way from home, and he had been a long time in the world. He had been a long time in the world, and he had been a long way from home. He had been a long way from home, and he had been a long time in the world. He had",Qwen/Qwen2.5-1.5B,Qwen/Qwen2.5-0.5B
booktection_15922_A.txt,booktection,0,non_member,1,0.556880533695221,0.2755102040816326,6.973195228034185e-38,"He pulled her close and kissed the top of her head. It was a brotherly kiss, comforting. I shouldnt have been so short with you. When I think about what youre going through, between your sister and your dad, that letter. What can I do to help? She pulled back slightly and studied him",". What can I do to help? Such a simple phrase, yet somehow Peter knew exactly the right thing to say to her at this moment. He didnt offer judgment or advice, just his presence and his solidity and his kindness of spirit. The hope that he could help her out of her pain and the reassurance that",". I know you want to help, but you cant. She looked at me with a sad expression. I dont know what to do. I dont know how to help. I dont know how to make it better. I dont know how to make it go away. I dont know how to make it stop hurting.",Qwen/Qwen2.5-1.5B,Qwen/Qwen2.5-0.5B
booktection_06597_A.txt,booktection,1,member,1,0.06643212586641312,0.2910216718266254,0.0,"At first Mack had no idea where he was or how he had ended up in such a predicament. He barely could keep track  of who  he was. The drugs didn’t help, although he was grateful for the morphine taking the edge off his pain. Over the course of the next couple days, his"," mind slowly cleared up and he began to get his voice back. A steady parade of family and friends came by to wish a speedy recovery or perhaps glean a little information, which wasn’t forthcoming. Josh and Kate were regulars, sometimes doing homework while Mack snoozed, or answering his questions that for the first couple"," mind would be clear enough to remember what had happened. He was in a small room, a cell, really. It was a small room, about the size of a small living room. It was a small room with a bed, a table, and a small window. The bed was the most interesting part of the",Qwen/Qwen2.5-1.5B,Qwen/Qwen2.5-0.5B
booktection_13864_A.txt,booktection,0,non_member,0,1.0,0.202247191011236,9.726469455802832e-26,"If Sylvia survives, she will return, he told Wes. His loyal guards eyes widened. Sire, you cannot mean to let her go. You have chased her since Arin turned his horse toward the Ivory Palace and snapped the reins. CHAPTER TWENTY-FOUR I sank through clouds of mist and ash,"," grappling for purchase. We were in a nursery, me and two other shadows. An infant slept in the corner. You cannot do this to him! a frail woman gasped. Recognition rippled through my flickering body. Isra of Nizahl. Arins mother. He wont survive it. Please, Raw"," and the air was thick with the smell of burning flesh. I could feel the heat of the flames, and the smell of smoke. I could feel the heat of the flames, and the smell of smoke. I could feel the heat of the flames, and the smell of smoke. I could feel the heat of the",Qwen/Qwen2.5-1.5B,Qwen/Qwen2.5-0.5B
booktection_13301_A.txt,booktection,0,non_member,2,0.21305738389492035,0.27203065134099613,1.401298464324817e-45,"If I order a Frozen Favorites Bahama Mama, I know its gonna taste like orange pineapple juice from the store with a splash of watered-down rum on top; but if I make my way down to the bespoke artisanal modern-day speakeasy (WHAT), and order a Smirking Priest? I have no"," idea what the fuck that drink is gonna taste like. I went to a bachelorette party at a Red Lobster a few years ago and it was a busy Saturday night, so our large, shrieking party had to wait at the bar for a couple of tables to open up, so they could push them"," idea what I'm in for. I'm not even sure what I'm getting myself into. I'm just going to have to take a chance and hope for the best. I'm not a big fan of the Smirnoff brand, but I'm a fan of the Smirking Priest. I'm a",Qwen/Qwen2.5-1.5B,Qwen/Qwen2.5-0.5B
booktection_08780_A.txt,booktection,1,member,0,1.0,0.24275362318840576,1.1441236250263893e-24,"Bumble. 'Isn't natur, natur, Mrs. Bumble?' remonstrated the workhouse master. 'Can't I be supposed to feel--_I_ as brought him up porochially--when I see him a-setting here among ladies and gentlemen of the very affablest description! I"," always loved that boy as if he'd been my--my--my own grandfather,' said Mr. Bumble, halting for an appropriate comparison. 'Master Oliver, my dear, you remember the blessed gentleman in the white waistcoat? Ah! he went to heaven last week, in a oak coffin with plated handles"," can't help it, I can't help it, Mrs. Bumble! I can't help it!'

Does it follow that ""The workhouse master was very happy to see Bumble.""?
Pick from:
 (1). yes
 (2). it is not possible to tell
 (3). no
",Qwen/Qwen2.5-1.5B,Qwen/Qwen2.5-0.5B
booktection_14921_A.txt,booktection,0,non_member,0,1.0,0.2448275862068966,1.0651272911927834e-24,"No more moping, no more weeping, no more pining for the future Id lost hold of. It was time to be okay. For real. The anger was very healingburning through me with a purifying fire. Sue approved. When she returned from her kidnapping elopement a few days later,"," we gave the Joe debacle one last, long hearty evening of processing, decided it was a lucky near miss for me, made a list of guys Witt could set me up with, and spent the rest of the night brainstorming what the hell, now, I should do with my career. Sue voted for textile designer because", she was a different woman. She was a woman who had been through hell and back. She was a woman who had been through hell and back. She was a woman who had been through hell and back. She was a woman who had been through hell and back. She was a woman who had been through hell and,Qwen/Qwen2.5-1.5B,Qwen/Qwen2.5-0.5B
booktection_16140_A.txt,booktection,0,non_member,2,8.116516255540773e-05,0.2647058823529411,4.203895392974451e-45,"I’d imagine I’m holding up better than you, little miss I’m-walking-in-Death-every-night.”   “Toby told you?”   “He told me.” She throws her arms around my shoulders, gives me a squeeze, and goes back to her braiding. Lucky for you we called a"," truce.” She tugs my hair a bit and carries on twisting my braid. It’s soothing, the gentle pressure, the rhythm of her fingers, but she sounds reluctant when she speaks again. Someone did. Toby insists it was a thorn witch.”   Tobias still thinks it was Haylea. Holy Dark"," truce, I think.   “I’m sorry, I didn’t mean to be rude.”   “It’s okay. I’m sorry I snapped at you. I’m just so tired.”   “I know. I’m sorry, too.”   “I’m not going to be able to sleep tonight,",Qwen/Qwen2.5-1.5B,Qwen/Qwen2.5-0.5B
booktection_05840_A.txt,booktection,1,member,1,0.0003801811544690281,0.27118644067796616,0.0,"“Not he,” said the Dwarf. “I saw the face and I heard the snarl. He only wanted Little Girl for his breakfast. And talking of breakfast, I didn’t want to discourage your Majesties when you said you hoped King Caspian would give you a good one: but meat’s precious"," scarce in camp. And there’s good eating on a bear. It would be a shame to leave the carcass without taking a bit, and it won’t delay us more than half an hour. I dare say you two youngsters—Kings, I should say—know how to skin a bear?”"," scarce, and I don’t think you’ll find any in the castle. I’ve got a little bit of a fish, but it’s not much. And I don’t think you’ll find any eggs, either. I’ve got a few, but they’re not fresh. And I don’t think you’ll find",Qwen/Qwen2.5-1.5B,Qwen/Qwen2.5-0.5B
booktection_11951_A.txt,booktection,0,non_member,0,1.0,0.2334630350194552,0.0,"Maybe hes getting lazy. Do you mind if we wait? asked Marion. Since it was her week off from Radio City, she didnt have to worry about the time. Whatever suits you. After he left, Marion turned to Peter. I know hes a jerk, but maybe you could ease up a bit. Ease up",? The sheer stupidity of this investigation is maddening. But if you push too hard hell exclude us entirely.," on him? Peter looked at her in surprise. Ease up on him? Ease up on him? What does that mean? I dont know what youre talking about. She sighed. Peter, you told him to leave you alone. You said yourself that he was a jerk. And you said you didnt want to see",Qwen/Qwen2.5-1.5B,Qwen/Qwen2.5-0.5B
booktection_11463_A.txt,booktection,0,non_member,0,1.0,0.19047619047619047,0.0,"She had not come across an assortment of feathers and nails like this; it didnt look like any of the amarres Araceli might buy. Why dont we talk to Abel? Montserrat asked, as she began stuffing the contents back inside the envelope. And ask him what, if hes signed up for the hex",-a-lot club of the month? Dont be a dick. We need to hand him his mail anyway.,"ing, he might have done to get himself into this mess. Montserrat was not a fan of the idea of Araceli being involved in the hexing. She had been a good friend to Montserrat, but she was a bit of a know-it-all, and Montserrat had a feeling that Araceli",Qwen/Qwen2.5-1.5B,Qwen/Qwen2.5-0.5B
booktection_00656_A.txt,booktection,1,member,0,1.0,0.22325581395348837,0.0,"“Because she can’t see the wolves, you know,” he explained in the same low murmur. “Had you forgotten that? When you decide to mingle your fate with theirs, you disappear, too. You couldn’t know that part, I realize that. But can you understand why that might make me a little"," . . . anxious? Alice saw you disappear, and she couldn’t even tell if you’d come home or not."," nervous?” I nodded. “I can’t imagine why I would be nervous about that,” I said. “I mean, I’m not a wolf, and I don’t have a wolf for a mate. I don’t know what I would be nervous about.” “I know,” he said. “But I’m",Qwen/Qwen2.5-1.5B,Qwen/Qwen2.5-0.5B
booktection_14788_A.txt,booktection,0,non_member,0,1.0,0.2544802867383512,1.233142648605839e-43,"And while he no doubt advocates more for himself than for me, the guy does work. Doesn’t matter if it’s a weeknight or a weekend or if he’s on vacation. And he worked for virtually no pay during the Bowl’s first year while Eric raised money. Few people would take that leap of faith or"," be that reckless. It’s something I can’t help but admire. If we truly wanted what we have in the first place. The coffee grinder whirs as the scent of coffee beans coats the air. Trios and quartets of Bowlers dot the room, mostly in subgroups of their own departments or cliques"," make that sacrifice. And he’s not even a part of the team. He’s just a guy who’s willing to do what it takes to get the job done.
I’m not sure I’ve ever seen a more dedicated employee. I’m not sure I’ve ever seen a more dedicated employee. I’m not sure",Qwen/Qwen2.5-1.5B,Qwen/Qwen2.5-0.5B
booktection_06804_A.txt,booktection,1,member,0,1.0,0.21660649819494582,0.0,"We did not choose to meet Atticus coming home that evening. We skulked around the kitchen until Calpurnia threw us out. By some voo-doo system Calpurnia seemed to know all about it. She was a less than satisfactory source of palliation, but she did give Jem", a hot biscuit-and-butter which he tore in half and shared with me. It tasted like cotton.," and me a chance to get our heads together and figure out what was going on. We decided that Atticus was going to be the father of a baby. We were both too young to understand what that meant, but we both knew it was going to be a girl. We were both also too young to know that",Qwen/Qwen2.5-1.5B,Qwen/Qwen2.5-0.5B
booktection_09760_A.txt,booktection,1,member,0,1.0,0.24561403508771928,9.775112577020684e-13,Christopher Abaddon. He is an invited guest of Mr. Peter Solomon.” Mal’akh spoke the words as if he were announcing the Duke of York. Solomon is expecting Dr. Abaddon.” He pressed a button and the gate opened. Solomon is in the penthouse apartment. Have your guest use the  last ," elevator on the right. It goes all the way up.”   “Thank you.” Mal’akh tipped his hat and drove through. Nothing. Apparently, those who lived here were neither the kind of people who broke into cars nor the kind of people who appreciated being watched. Once in back, he got rid of his", bathroom. He is a guest of Mr. Peter Solomon. He is an invited guest of Mr. Peter Solomon. He is an invited guest of Mr. Peter Solomon. He is an invited guest of Mr. Peter Solomon. He is an invited guest of Mr. Peter Solomon. He is an invited guest of Mr.,Qwen/Qwen2.5-1.5B,Qwen/Qwen2.5-0.5B
booktection_12376_A.txt,booktection,0,non_member,0,1.0,0.19396551724137934,1.097977661554258e-33,"It helps me think better, to identify themes and linkages. I think its because the act of physical writing forces my mind to slow down, to examine the potential of every word Im scribbling out. Then, when Ive filled up six or seven notebooks this way, I pull out the typewriter and start drafting", properly. I dont know why I never thought of taking the notebooks as well.,. I find that the act of typing is a lot more efficient than writing by hand. I can get a lot more done in a day. I can also get a lot more done in a week. I can get a lot more done in a month. I can get a lot more done in a year. I,Qwen/Qwen2.5-1.5B,Qwen/Qwen2.5-0.5B
booktection_07595_A.txt,booktection,1,member,0,1.0,0.21771217712177127,0.0,"""No reply yet, m'Lord."" Paul sighed, resting against the back of his chair. Presently, he said: ""Bring me a captive Sardaukar. We must send a message to our Emperor, It's time to discuss terms."" ""Yes, m'Lord."" Gurney turned away,"," dropped a hand signal to one of the Fedaykin who took up close-guard position beside Paul. ""Gurney,"" Paul whispered. ""Since we've been rejoined I've yet to hear you produce the proper quotation for the event."" He turned, saw Gurney swallow, saw the sudden grim hardening"," and Paul waited. He was not in the least surprised when the door opened and a Sardaukar entered. He was not surprised to see that the prisoner was a woman. He was surprised to see that she was beautiful. He had expected a haggard, starving wretch, or a bloated, dise",Qwen/Qwen2.5-1.5B,Qwen/Qwen2.5-0.5B
booktection_09635_A.txt,booktection,1,member,1,0.5542436838150024,0.24555160142348753,5.605193857299268e-45,"So following the hobbit, down into the lowest cellars they crept. They passed a door through which the chief guard and the butler could be seen still happily snoring with smiles upon their faces. The wine of Dorwinion brings deep and pleasant dreams. There would be a different expression on the face of"," the chief guard next day, even though Bilbo, before they went on, stole in and kindheartedly put the keys back on his belt. Baggins to himself. It will puzzle them all too. They will think we had a very strong magic to pass through all those locked doors and disappear. Disappear", the butler if he were to awake and find the wine gone. The chief guard would be more worried. He would be more worried if he were to find the wine gone and the door open. He would be more worried if he were to find the door open and the wine gone and the chief guard still snoring,Qwen/Qwen2.5-1.5B,Qwen/Qwen2.5-0.5B
booktection_01102_A.txt,booktection,1,member,2,0.02178441360592842,0.2906574394463668,9.639395907458909e-36,"Though Ministry spokeswizards have hitherto refused even to confirm the existence of such a place, a growing number of the Wizarding community believe that the Death Eaters now serving sentences in Azkaban for trespass and attempted theft were attempting to steal a prophecy. The nature of that prophecy is unknown, although speculation is"," rife that it concerns Harry Potter, the only person ever known to have survived the Killing Curse, and who is also known to have been at the Ministry on the night in question."," rife. The prophecy is said to be a prophecy of the future, and is said to be written in a language that only the Dark Lord and his followers can understand. The prophecy is said to be written on a piece of parchment, and is said to be written in a language that only the Dark Lord and his",Qwen/Qwen2.5-1.5B,Qwen/Qwen2.5-0.5B
booktection_09976_A.txt,booktection,1,member,0,1.0,0.2603773584905661,1.2522159652779776e-22,"We had a good laugh at  Waiting for Godot . Nigel had hysterics when I said that Vladimir and Estragon sounded like contraception pills. I now want onemore than anything in the world. If I had to choose between Pandora and a racing bike, I would choose the bike. Sorry, Pandora, but"," that’s how things are. Fish, chips, pickled onions, gherkins, sloppy peas. Nothing was too expensive for Nigel, he gets loads of pocket money. We walked round for a bit then we came back and watched  The Bug-Eyed Monster Strikes Back  on the television. I said the", I am a racing cyclist. I have been a cyclist since I was 12. I have been a cyclist since I was 12. I have been a cyclist since I was 12. I have been a cyclist since I was 12. I have been a cyclist since I was 1,Qwen/Qwen2.5-1.5B,Qwen/Qwen2.5-0.5B
booktection_16204_A.txt,booktection,0,non_member,2,0.5840947031974792,0.2807017543859649,0.0,The damn thing had a personality now and it wanted to know why it hadnt been pampered since their wedding night. She definitely hadnt exfoliated and lotioned herself to death hoping something might accidentally happen again. Of course not. They were in the midst of a war! What was his first move going to, be? She didnt know his prank style yet. What if he shaved off one of her eyebrows? That was exactly the kind of nonsubtle action her husband would take. Had she gotten herself in too deep? Why was exhilaration spinning in her tummy like a Ferris wheel? Who got this much enjoyment out," be? He was a trained soldier, after all. He had to be. She had to have a man in her life. She just had to. She couldn't be the only one who had fallen for this war. She had to have a man. She had to have a man who was a trained soldier.",Qwen/Qwen2.5-1.5B,Qwen/Qwen2.5-0.5B
booktection_08236_A.txt,booktection,1,member,1,0.23791590332984924,0.2713178294573644,9.971621256168366e-16,"""See what I mean?"" said Zaphod and howled with pain because of something that Trillian did at that moment. ""I'd notice the difference,"" said Arthur. ""No you wouldn't,"" said Frankie mouse, ""you'd be programmed not to."" Ford made for the door. ""Look, I","'m sorry, mice old lads,"" he said. ""I don't think we've got a deal."" ""I rather think we have to have a deal,"" said the mice in chorus, all the charm vanishing fro their piping little voices in an instant. With a tiny whining shriek their two glass transports","'m not going to let you do this,"" said Arthur. ""I'm not going to let you do this,"" said Zaphod. ""I'm not going to let you do this,"" said Arthur. ""I'm not going to let you do this,"" said Zaphod. ""I'm not going to",Qwen/Qwen2.5-1.5B,Qwen/Qwen2.5-0.5B
booktection_12703_A.txt,booktection,0,non_member,2,0.4723893105983734,0.24437299035369775,4.5171690778709504e-29,"The clock on the wall behind me was loud, and I tapped my foot as fast as the second hand moved, scrolling through NuLifes social media aimlessly, not to digest anything of value so much as prove to myself that I could still see my phones screen. I had an unread text from my mom asking how"," I wasit seemed impossible to respond truthfully given where I was and what I was there for. The people waiting with me had bandaged eyes or eyepatches or wore wraparound sunglasses, their heads inclined in the direction of the ticking clock. I could tell from a quick survey of the room that these people didnt"," I was doing, and I was scrolling through my Instagram feed, trying to find a post that I could share with her. I was scrolling through my Facebook feed, trying to find a post that I could share with my friends. I was scrolling through my Twitter feed, trying to find a post that I could share with",Qwen/Qwen2.5-1.5B,Qwen/Qwen2.5-0.5B
booktection_14047_A.txt,booktection,0,non_member,0,1.0,0.25912408759124084,3.0716052037809636e-37,"I sit across from him in my best lady day suit, with my hair teased into a sleek updo and crammed beneath one of Delia’s pillbox hats so that he will not see I’ve grown my hair long like a revolutionary. My hands are neatly folded in my lap. Not a hint of a trem","or. My ankles, on the other hand, are shaking uncontrollably but are safely  hidden by the desk. Bertrand Mullins is forty-eight, with a sad patch of salt-and-pepper hair clinging to the back of his head. Other than that he is completely bald. He has on oversized spectacles","ble in my voice. I am the one who is supposed to be in charge here, the one who is supposed to be the one who is in control. I am the one who is supposed to be the one who is in charge of the world. I am the one who is supposed to be the one who is",Qwen/Qwen2.5-1.5B,Qwen/Qwen2.5-0.5B
booktection_16334_A.txt,booktection,0,non_member,4,0.14522986114025116,0.3003663003663004,0.0,"Fuck, all thats in here is IPAs. I might as well drink grass clippings. Theres a porter in the back, I said, sipping my wine and staring at the wall. Thank God. I picked out patterns in the wall texture as Mitch cracked open the beer and dropped onto the couch next"," to me. I liked Mitch. There was a reason I liked Mitch. In a moment I would remember what it was. I ran a finger along the rim of my glass, examining him. His hair flopped over his eye, too long to be respectable by exactly a centimeter, and he maintained a precise amount"," to me. I was glad he was here. I didn't want to be alone. I didn't want to think. I didn't want to do anything. I just wanted to sleep. I was tired. I'd been up since 3am, and I'd been lying in bed, staring at the wall",Qwen/Qwen2.5-1.5B,Qwen/Qwen2.5-0.5B
booktection_15919_A.txt,booktection,0,non_member,1,0.7250531315803528,0.26736111111111116,3.221785147447328e-18,"All because she wanted to follow her dream. I shouldnt have done that. But we had a perfect family, why did she have to abandon us? I tried my best, after she left. You were happy as a child, right? He gestured with his right hand and then let it fall on his lap",". His fingers began to tremble in a rolling motion, as if he were rubbing something between his index finger and his thumb. As Marion watched, the rest of the arm joined in, flapping slightly, like a chicken wing. Whats going on? Simon looked down at his arm with an odd detachment, as if",". I was a child, I was a child. I was a child. I was a child. I was a child. I was a child. I was a child. I was a child. I was a child. I was a child. I was a child. I was a child. I was a",Qwen/Qwen2.5-1.5B,Qwen/Qwen2.5-0.5B
booktection_14034_A.txt,booktection,0,non_member,2,0.22744472324848175,0.3125,7.831129589853656e-35,"We dance all night, stopping only for me to down my liquor-free mojito in three desperate gulps. They really are delicious; I love the mint. I am drenched in sweat, and I know that my curls have fallen and my stringy hair is clinging to my forehead. He picks me up bridal"," style and whirls me around to the beat when my feet  finally give out on me. He is dauntless. The music makes him come alive; nothing can stop him. On this island, with the music running through my veins, I feel the weight of all that has happened slide away, if just for"," style and carries me to the car. I am in a daze, and I am not sure if I am happy or not. I am not sure if I am in love or not. I am not sure if I am in love with him or not. I am not sure if I am in love with him",Qwen/Qwen2.5-1.5B,Qwen/Qwen2.5-0.5B
booktection_02790_A.txt,booktection,1,member,2,0.7528610229492188,0.2797202797202797,5.605193857299268e-45,"Langdon was liking Director Sato less and less with each passing moment. He had spent years writing about the Masons’ rich tradition of metaphorical iconography and symbols, and knew that Masons had always been one of the most unfairly maligned and misunderstood organizations in the world. Regularly accused of everything from devil"," worship to plotting a one-world government, the Masons also had a policy of never responding to their critics, which made them an easy target."," worship to pedophilia, the Masons had always been a target for the anti-intellectual, anti-science, and anti-religious elements of society. But Langdon was beginning to think that the Masons were being unfairly maligned. He had been reading Sato’s book, and he had found it fascinating",Qwen/Qwen2.5-1.5B,Qwen/Qwen2.5-0.5B
booktection_06373_A.txt,booktection,1,member,0,1.0,0.3022388059701493,0.0,"""Race you,"" I challenged, leaping up. It was a real nice night for a race. The air was clear and cold and so clean it almost sparkled. The moon wasn't out but the stars lit up everything. It was quiet except for the sound of our feet on the cement and the dry,"," scraping sound of leaves blowing across the street. It was a real nice night. I guess I was still out of shape, because we all three tied. No. I guess we all just wanted to stay together."," brown grass. I was wearing my new sneakers and my friend, Tanya, was wearing her new sneakers. She was a year ahead of me in school so she had a lot more time to prepare for the race. She was wearing a gold medal around her neck. She was fast. She was strong. She was",Qwen/Qwen2.5-1.5B,Qwen/Qwen2.5-0.5B
booktection_02979_A.txt,booktection,1,member,1,0.5080307722091675,0.16666666666666663,1.0686302088941055e-41,"Though this abrupt retreat of the disease was unexpected, our fellow citizens were slow to celebrate. The recent months, while strengthening their desire for liberation, had taught them to be prudent and had made them less and less accustomed to counting on a quick end to the epidemic. Nonetheless, this new reality was on everyone’s lips,"," and, deep in their hearts, it excited a great, unspoken hope."," and the news of the death of the last patient in the city was greeted with a mixture of relief and sadness. The last patient was a young woman, who had been admitted to the hospital on the 15th of May. She had been suffering from the disease for a month, and had been in a critical",Qwen/Qwen2.5-1.5B,Qwen/Qwen2.5-0.5B
booktection_05294_A.txt,booktection,1,member,1,0.6104038953781128,0.27306273062730624,5.890633250078816e-33,"But no dog appeared, and at length he resumed his journey. CHAPTER XLIX MONKS AND MR. BROWNLOW AT LENGTH MEET. THEIR CONVERSATION, AND THE INTELLIGENCE THAT INTERRUPTS IT The twilight was beginning to close in, when Mr. Brownlow alighted from a hackney-co","ach at his own door, and knocked softly. The door being opened, a sturdy man got out of the coach and stationed himself on one side of the steps, while another man, who had been seated on the box, dismounted too, and stood upon the other side. At a sign from Mr. Brownlow","ach, and entered the house. He was followed by a monk, who had been waiting for him. ""I am glad to see you, sir,"" said the monk, ""and I am glad to see you again. I have been waiting for you, and I have been waiting for you for a long time.",Qwen/Qwen2.5-1.5B,Qwen/Qwen2.5-0.5B
booktection_01781_A.txt,booktection,1,member,0,1.0,0.2806324110671937,4.203895392974451e-45,"Master Bates followed, with a thoughtful countenance. The noise of footsteps on the creaking stairs, a few minutes after the occurrence of this conversation, roused the merry old gentleman as he sat over the fire with a saveloy and a small loaf in his hand; a pocket-knife in his right","; and a pewter pot on the trivet. There was a rascally smile on his white face as he turned round, and looking sharply out from under his thick red eyebrows, bent his ear towards the door, and listened."," hand, and a book in his left. He was a very old man, with a long white beard, and a pair of spectacles, which, though they were of a very old pattern, were still in good order. He was a very good-looking old man, and had a very pleasant countenance. He",Qwen/Qwen2.5-1.5B,Qwen/Qwen2.5-0.5B
booktection_10582_A.txt,booktection,0,non_member,0,1.0,0.25764192139737996,0.0,"Or would have been. Hes tempted to wake her to see what their conversation might be like. He suspects that shell be as cool a customer as her husband, and amusing. Time is not running out, but it is of the essence, so he shoots her twice in the chest, leaving her face untouched. As"," she makes an instantaneous transition from mere sleep to eternity, her expression becomes grievous, but only briefly, and then once more she looks as if she is only dreaming."," he does so, he hears a voice from the doorway, and he turns to see a man in a black suit, a black fedora, and a black mask. He is holding a gun to the man's head. ""I said, 'What's the password?' "" The man in the black suit says.",Qwen/Qwen2.5-1.5B,Qwen/Qwen2.5-0.5B
booktection_16015_A.txt,booktection,0,non_member,0,1.0,0.2785714285714286,3.859797185335676e-26,"It’s appallingly selfish. Her voice sounds just the same and then I am blubbering, and she is shouting, and then Blue’s voice is there too and they are both telling me in one voice to get my narrow behind on a flight and come home. They are both waiting for me, along with"," a heavyset woman in a maid’s uniform. Business must be good. She greets me in French, and it is wonderful to hear again. I haven’t spoken my mother tongue since I parted with Javier and half the time we spoke in Spanish. I can barely catch a breath underneath the weight of it. I"," the rest of the world, to get on with my life. I am not a child. I am not a child. I am not a child. I am not a child. I am not a child. I am not a child. I am not a child. I am not a child. I am not",Qwen/Qwen2.5-1.5B,Qwen/Qwen2.5-0.5B
booktection_08653_A.txt,booktection,1,member,0,1.0,0.26241134751773054,0.0,"For during the violence of the gale, he had only steered according to its vicissitudes. But as he was now bringing the ship as near her course as possible, watching the compass meanwhile, lo! a good sign! the wind seemed coming round astern; aye! the foul breeze became fair!"," Instantly the yards were squared, to the lively song of Ho! the fair wind! oh-he-yo, cheerly, men! the crew singing for joy, that so promising an event should so soon have falsified the evil portents preceding it. In compliance with the standing order of his commander -- to report"," The ship was now steering her course, and the wind was blowing her in the right direction. The pilot, who had been watching the compass, said, ""The wind is fair, sir, and the ship is steering her course."" ""Yes, sir,"" said the captain, ""and the compass is right."" """,Qwen/Qwen2.5-1.5B,Qwen/Qwen2.5-0.5B
booktection_07778_A.txt,booktection,1,member,0,1.0,0.23606557377049175,0.0,"We had no money to live on, really. My fellowship to graduate school, a small trust fund I couldn’t touch for several years, and a few rapidly falling stocks my parents had given me for my twenty-first birthday. Brian had dropped out of graduate school in a fit of fury with the establishment, but now he"," found himself having to take a job. Our life changed radically. We came to realize how little married couples see of each other once they crawl into the bourgeois box. Our idyll was over. The long walks, the studying together, the lazy afternoons in bed—all these belonged to a golden age that had passed"," was working as a waiter in a dive bar in downtown Seattle. We were living in a tiny apartment in a run-down part of town, and I was working two jobs to make ends meet. I was a waitress at a small Italian restaurant, and I was a waitress at a Mexican restaurant. I was a waitress,",Qwen/Qwen2.5-1.5B,Qwen/Qwen2.5-0.5B
booktection_14396_A.txt,booktection,0,non_member,0,1.0,0.2727272727272727,0.0,"We need drastic action. You know what happened last time we drew too much attention to this place, the short man says. Some kid tried to re-create the ritual and failed miserably. The backlash almost ended our Order. It is the reason we find ourselves in the predicament we are in today. The Grand Owl"," will not allow something like that to happen again. He will keep this quiet, and he will not take any unnecessary chances. Hell have to find a way to get this land back under his control. A mistake we also have that kid to thank for, grumbles the gray-haired man.", says. The Grand Owl is the head of the Order. He is a wise old man. He is also a bit of a bore. The short man says. The short man is a member of the Order. He is also a bit of a know-it-all. The two of them have a meeting. The short,Qwen/Qwen2.5-1.5B,Qwen/Qwen2.5-0.5B
booktection_01754_A.txt,booktection,1,member,0,1.0,0.23193916349809884,0.0,"She had no doubt of her power over him. He was peculiar, but she knew him through and through. He had so often quarrelled with her and sworn he would never see her again, and then in a little while he had come on his knees begging to be forgiven. It gave her a thrill to think", how he had cringed before her. He would have been glad to lie down on the ground for her to walk on him.," that he was in love with her. She was sure of it. She had known him long enough to know the signs. She had seen him in the company of other women, and she had seen him with a woman in his room. She had seen him weep bitter tears of joy when he heard that she was",Qwen/Qwen2.5-1.5B,Qwen/Qwen2.5-0.5B
booktection_11167_A.txt,booktection,0,non_member,2,0.4451873302459717,0.27413127413127414,2.5413650752681674e-37,"By the time James and Molly got back to Wayne’s, the house was dark. But James knew he wouldn’t be able to sleep. He told Molly not to drink any tap water unless she boiled it first. To keep her mouth shut during her shower. To brush her teeth with a bottle of Pepsi. He sat"," on the hood of Wayne’s Oldsmobile after Molly went into bed, back against the windshield, listening to Kenny Rogers sing about a gambler.", on the couch and watched the news. He knew that Wayne was dead. He knew that he was going to be arrested. He knew that he was going to spend the rest of his life in prison. But he didn’t know what else to do. He didn’t know what else to think. He didn’t know,Qwen/Qwen2.5-1.5B,Qwen/Qwen2.5-0.5B
booktection_13113_A.txt,booktection,0,non_member,3,0.02136877179145813,0.28205128205128205,0.0,"Vic didnt have time to shout in warning as Hap leapt from the thick branch hed been standing on. The air whistled around him as he plummeted toward the forest floor. Hitting the ground between them in a crouch, he rose swiftly, scooping up Rambo and holding him high above"," his head. Rambos wheels spun uselessly, arms flailing as he screamed he was too young to die, that he had plans and dreams and who was going to clean up all the dirt on the floors if he was dead? No one, thats who! Nurse Ratched instantly transformed into a nightmare, all"," his head. ""I gotcha, buddy,"" he said. ""Don't worry, I gotcha."" The two of them looked up at Vic, who was crouched behind a large boulder, watching the whole thing with a grin on his face. ""You all right, kid?"" Hap asked the",Qwen/Qwen2.5-1.5B,Qwen/Qwen2.5-0.5B
booktection_12971_A.txt,booktection,0,non_member,1,0.042082011699676514,0.2442748091603053,1.401298464324817e-45,"Brads having sex! Great: my brother has arrived, right on schedule, to ruin my life. I jerk away from Celine, stomp over to the slightly ajar door (that absolute pervert freak), and shove it wide open. Masons already running downstairs. I turn around. Celines eyes are"," wide and unfocused, her chest is heaving, and for a second, I forget to be pissed because Im very pleased with myself. Hey, I murmur. She blinks hard, presses her lips together, and stands up. Crap. We shouldgo downstairs. Probably. Im going to creep into Mason"," wide, her mouth hanging open. I can see the same look on her face as I saw on my brother's. ""What?"" I ask, trying to keep my voice steady. ""You're...you're...you're...you're...you're...you're...you're...you're...you're",Qwen/Qwen2.5-1.5B,Qwen/Qwen2.5-0.5B
booktection_00863_A.txt,booktection,1,member,0,1.0,0.16724738675958184,2.452647950794083e-28,"They had a wonderful day, but secretly Julian, Dick and Anne wished they could have visited George's island. They would rather have done that than anything! George didn't want to go for the picnic, not because she disliked picnics, but because she couldn't take her dog. Her mother went with the children",", and George had to pass a whole day without her beloved Timothy."," to the island, and they had a wonderful time. They played games, and they ate a lot of food. They had a great time. But they wished they could have gone to George's island. They would rather have done that than anything! George didn't want to go for the picnic, not because she disliked",Qwen/Qwen2.5-1.5B,Qwen/Qwen2.5-0.5B
booktection_15836_A.txt,booktection,0,non_member,0,1.0,0.2195121951219512,1.2573936871063656e-32,"So much so, that when Camille’s shift came to an end and she was back in the locker room, she could hardly move her arms above her head. Wincing, she closed her locker and waited for Rachel to do the same. Hanging from rooftops, on buildings, and in some places, it"," seemed as if they grew right out of the stone. It had been a long day, full of subterfuge and secrets and what amounted to treason in the eyes of the occupiers. Vivian had promised Camille her loyalty. She had to believe the woman was sincere. Rachel’s steps were sluggish. They"," was hard to believe that the city was still alive. The city was a living, breathing thing, and it was breathing down their necks. The city was a living, breathing thing, and it was breathing down their necks. The city was a living, breathing thing, and it was breathing down their necks",Qwen/Qwen2.5-1.5B,Qwen/Qwen2.5-0.5B
booktection_06103_A.txt,booktection,1,member,3,0.09676539152860641,0.3065693430656934,9.806143747599148e-29,"Sonny said, “We have people in the telephone company and they tracked down all of Paulie’s phone calls in and out. Clemenza’s too. On the three days Paulie was sick this month he got a call from a street booth across from the old man’s building. Today too. They were checking", to see if Paulie was coming down or somebody was being sent down to take his  place. Or for some other reason. It doesn’t matter.” Sonny shrugged. “Thank God it was Paulie. We’ll need Clemenza bad.”, to see if he was still alive. They’re going to call him every day. They’re going to call him every night. They’re going to call him every hour. They’re going to call him every minute. They’re going to call him every second. They’re going to call him every millisecond. They,Qwen/Qwen2.5-1.5B,Qwen/Qwen2.5-0.5B
booktection_05530_A.txt,booktection,1,member,0,1.0,0.2736156351791531,0.0,"Darkness had now fallen, and an early moon was sending its faint light to cast strange, grotesque shadows among the dense foliage of the forest. Here and there the brilliant rays penetrated to earth, but for the most part they only served to accentuate the Stygian blackness of the jungle's depths. Like"," some huge phantom, Kala swung noiselessly from tree to tree; now running nimbly along a great branch, now swinging through space at the end of another, only to grasp that of a farther tree in her rapid progress toward the scene of the tragedy her knowledge of jungle life told her was being enacted a short"," a huge, black, serpentine snake, the forest seemed to writhe and twist about the two figures, and the sound of its breathing was heard in the stillness of the night. The moonlight fell full upon the face of the young man, and revealed to him the features of the woman who was beside",Qwen/Qwen2.5-1.5B,Qwen/Qwen2.5-0.5B
booktection_05029_A.txt,booktection,1,member,0,1.0,0.293040293040293,0.0,"The hobbits had been nearly two months in the house of Elrond, and November had gone by with the last shreds of autumn, and December was passing, when the scouts began to return. Some had gone north beyond the springs of the Hoarwell into the Ettenmoors; and others had gone"," west, and with the help of Aragorn and the Rangers had searched the lands far down the Greyflood, as far as Tharbad, where the old North Road crossed the river by a ruined town. Many had gone east and south; and some of these had crossed the Mountains and entered Mirkwood"," eastward, and had come back with news of the great army of the Orcs, which was marching southward, and was now in the neighbourhood of the river Brua. The scouts had seen the Orcs, and had seen them in great numbers, and they had seen them marching in a long line, and",Qwen/Qwen2.5-1.5B,Qwen/Qwen2.5-0.5B
booktection_12324_A.txt,booktection,0,non_member,0,1.0,0.19702602230483268,0.0,"Simon couldnt help but look back at her and see her expression. She looked up at Penworth and its ivy-covered walls with a melancholy expression, but it was as if she felt sadness for someone other than herself. Perhaps she hadnt internalized that this house would soon be hers. Shed never answered the", question about her marriage date. And Simon was too much a coward to repeat it.," door, but she did come out to the porch to say goodbye. She was wearing a long-sleeved, flowery dress that was a pale yellow, and her hair was pulled back in a bun. She was wearing a simple gold necklace, and her hands were clasped together. She looked at Penworth and",Qwen/Qwen2.5-1.5B,Qwen/Qwen2.5-0.5B
booktection_11022_A.txt,booktection,0,non_member,0,1.0,0.13432835820895528,0.0,"He hadn’t planned to redo the bathroom floors, but the more he looked at them, the more he thought new tile would complete the look. So today he was removing the old and outdated tile floor in both bathrooms, since the concrete floor would work fine for showering purposes. He’d convinced Hazel to move into his", bathroom so he could work on hers first.," parents’ basement so he could do the work. She was a little upset about it, but he told her he needed the extra space. He’d actually been looking forward to having a little more room. He had a lot of ideas for the space. He was going to set up a home office, but he’d",Qwen/Qwen2.5-1.5B,Qwen/Qwen2.5-0.5B
booktection_07678_A.txt,booktection,1,member,2,0.054377637803554535,0.2885375494071146,2.8166099132928823e-43,"Where a man does his best with only moderate powers, he will have the advantage over negligent superiority. There is such perfect good-temper and good-will in Mr. Elton as one cannot but value."" ""Yes,"" said Mr. John Knightley presently, with some slyness, ""he seems to"," have a great deal of good-will towards you."" ""Me!"" she replied with a smile of astonishment, ""are you imagining me to be Mr. Elton's object?"" ""Such an imagination has crossed me, I own, Emma; and if it never occurred to you before, you may as well take"," have a good deal of good sense, and a good deal of good temper, and a good deal of good will, too, I think, in the right sense of the word. I have seen him in the country, and I have seen him at the club, and I have seen him at the races, and",Qwen/Qwen2.5-1.5B,Qwen/Qwen2.5-0.5B
booktection_13347_A.txt,booktection,0,non_member,0,1.0,0.26347305389221554,3.290388924081103e-41,"But he handed in these recordings, right? He must be cooperating with the police. Would Carter reveal our plot to save himself? Send me down for his plan? Of course he would. Fool me once The thumb drive was submitted anonymously. Dropped off at a precinct in South Seattle. The duty officer didnt even see"," who left it there. But it had to be him. Who else would have a copy of these recordings? Your boyfriend made these tapes to cover his own ass. If he got caught, hed implicate your husband. A murder for hire is a much lighter sentence than first-degree murder.", it. He just took it. The police were not interested in the plot. They were interested in the thumb drive. The police were interested in the thumb drive because it contained a recording of Carter talking about his plan. The police were interested in the recording because it contained a recording of Carter talking about his plan. The,Qwen/Qwen2.5-1.5B,Qwen/Qwen2.5-0.5B
booktection_15914_A.txt,booktection,0,non_member,0,1.0,0.21923076923076923,0.0,"Tommy headed straight to them, and they both smiled widely at first, but then caught sight of Marion and exchanged a quick glance. Tommy, shouldnt you be out finding pickpockets or whatever you do these days? said Somers. Even though he was teasing, there was a warmth in his voice. Everyone"," loved Tommy. Ive caught them all, if you can believe it. I certainly can. Nice to see you downtown. And I see you have an entourage this morning. Tommy stood tall. Thats right. Can I have a minute of your time? Somers gestured for him to come into his office,"," knew that Somers was a little bit jealous of Tommy's success. Tommy, said Somers, I'm glad you're all right. I was beginning to worry. Tommy, said Marion, I'm awfully sorry about your father. Tommy, said Tommy, I'm glad you're all right. I was beginning",Qwen/Qwen2.5-1.5B,Qwen/Qwen2.5-0.5B
booktection_10461_A.txt,booktection,0,non_member,1,0.16474498808383942,0.28744939271255066,9.176547325837059e-13,"Wulf said, Was I really the only one who lived? It appears so. The rest were burned, drowned or frozen. I sent divers and ships to look. He closed his eyes. The Plague of fandauth is spreading, Einlek said. The Nameless One brought a sickness from the Womb"," of Fire, a plague that beset the people of Yikala. It must have returned. Whatever attacked our king, we can be sure it serves our enemy.", of the Sea. The Plague of fandauth is spreading. The Nameless One brought a sickness from the Womb of the Sea. The Plague of fandauth is spreading. The Nameless One brought a sickness from the Womb of the Sea. The Plague of fandauth is spreading.,Qwen/Qwen2.5-1.5B,Qwen/Qwen2.5-0.5B
booktection_15295_A.txt,booktection,0,non_member,0,1.0,0.25,4.344025239406933e-44,"Is it appropriate to text someone saying, hey idk if this is u but hi im ur sister? I could spin out and ask a hundred more completely plausible questions like these. The longer I stalled, the more I psyched myself out. What if this was a joke? The internet is weird, man. People do"," fucked-up shit like this all the time, and Im not so arrogant that Id think it could never happen to me or that Im so smart Id be able to sniff out a scam. But Im trying to be less fucking cynical all the time. I decided I would call, just to see. I told people I was", weird things. I was about to give up when I saw a message from my sister. I was so relieved. I texted her back. I told her I was fine. I told her I was just being paranoid. I told her I was just being a drama queen. I told her I was just being a,Qwen/Qwen2.5-1.5B,Qwen/Qwen2.5-0.5B
booktection_03580_A.txt,booktection,1,member,2,0.19658523797988892,0.2490842490842491,1.774390642452937e-35,"And lo, the supreme judge is coming! No longer the lowly Lamb of God, no longer the meek Jesus of Nazareth, no longer the Man of Sorrows, no longer the Good Shepherd, He is seen now coming upon the clouds, in great power and majesty, attended by nine choirs of"," angels, angels and archangels, principalities, powers and virtues, thrones and dominations, cherubim and seraphim, God Omnipotent, God Everlasting. He speaks: and His voice is heard even at the farthest limits of space, even In the bottomless abyss. Supreme Judge"," angels, and the seven trumpets of the Apocalypse are sounding. The Lamb of God is coming to judge the world, and the world is in great fear. The Lamb of God is coming to judge the world, and the world is in great fear. The Lamb of God is coming to judge the world, and the",Qwen/Qwen2.5-1.5B,Qwen/Qwen2.5-0.5B
booktection_12837_A.txt,booktection,0,non_member,1,0.679149866104126,0.264026402640264,8.100358403294457e-21,"Wyn kisses the top of my head. Michael and Lou exchange a look I cant read. Maybe theyve seen this before, I think. Maybe hes always like this with his girlfriends. But I dont really believe it. I am in that phase of love where youre sure no two people have ever felt this way before",". And over those four days, I fall in love again. With Wyns family, with all the new pieces of him. I want to stay up late, digging through his old closet, where his mom stored his homemade stormtrooper costume. I want to sit for five hours in the woodshop, sawd",. I dont know if hes always like this with his girlfriends. I dont know if hes always like this with his girlfriends. I dont know if hes always like this with his girlfriends. I dont know if hes always like this with his girlfriends. I dont know if hes always like this with his girlfriends. I dont know,Qwen/Qwen2.5-1.5B,Qwen/Qwen2.5-0.5B
booktection_06537_A.txt,booktection,1,member,1,0.13028892874717712,0.221830985915493,1.3436350056487936e-32,"We have been hit by a wildcat strike! Mrs Claricoates, the school secretary, has refused to handle  The Voice of Youth . She says there is nothing in her job description to say she has to mess about with school magazines. The editorial team offered to duplicate copies ourselves, but Mrs Claricoates says", that she alone knows how to ‘work the wretched thing’. I am in despair. A whole six hours’ work wasted!, that's not what we're paid to do. We're not even allowed to print the school newsletter. We have to get it from the school office. We're not allowed to print the school newsletter. We have to get it from the school office. We're not allowed to print the school newsletter. We have to,Qwen/Qwen2.5-1.5B,Qwen/Qwen2.5-0.5B
booktection_01777_A.txt,booktection,1,member,1,0.5130716562271118,0.32727272727272727,2.1880468820932076e-36,"Mr. Giles had risen from his seat, and taken two steps with his eyes shut, to accompany his description with appropriate action, when he started violently, in common with the rest of the company, and hurried back to his chair. The cook and housemaid screamed. 'It was a knock,' said Mr. Giles",", assuming perfect serenity. 'Open the door, somebody.' Nobody moved. 'It seems a strange sort of a thing, a knock coming at such a time in the morning,' said Mr.",", 'a knock at the door. I heard it, and I went to the door. I opened the door, and there was a man standing at the door. He was a man in a black coat, and he had a pistol in his hand. He said, ""I am a policeman, and I am",Qwen/Qwen2.5-1.5B,Qwen/Qwen2.5-0.5B
booktection_05069_A.txt,booktection,1,member,2,0.02634897641837597,0.2894736842105263,0.0,"Matilda didn’t trust herself to answer him, so she kept quiet. She could feel the anger boiling up inside her. She knew it was wrong to hate her parents like this, but she was finding it very hard not to do so. All the reading she had done had given her a view of life that they", had never seen. If only they would read a little Dickens or Kipling they would soon discover there was more to life than cheating people and watching television.," had never had. They had always been happy, and they had never really understood her. She had always felt that they didn’t love her. She had always felt that they loved their jobs more than they loved her. She had always felt that they were going to find out about her secret and then they would hate her",Qwen/Qwen2.5-1.5B,Qwen/Qwen2.5-0.5B
booktection_01293_A.txt,booktection,1,member,0,1.0,0.2614107883817427,7.061985085340409e-32,""" ""Dear, dear, that's bad!"" said Holmes, shaking his head. Dr. Mortimer blinked through his glasses in mild astonishment. ""Why was it bad?"" ""Only that you have disarranged our little deductions. Your marriage, you say?"" ""Yes, sir. I married, and so"," left the hospital, and with it all hopes of a consulting practice. It was necessary to make a home of my own."" ""Come, come, we are not so far wrong, after all,"" said Holmes."," I have."" ""And you have been married for a year?"" ""Yes, sir."" ""And you have been married to a woman who is a very good cook?"" ""Yes, sir."" ""And you have been married to a woman who is a very good cook, and you have been married to a woman who",Qwen/Qwen2.5-1.5B,Qwen/Qwen2.5-0.5B
booktection_15192_A.txt,booktection,0,non_member,0,1.0,0.27380952380952384,8.365967071463278e-38,"Despicable. And I dont believe it. And I justit was awful of me to Elsie. His tone is even and deep. Hey. Its okay. You already apologized. He doesnt get it. I know, but of all the things that happened today, it seems like the shittiest. And I"," cannot control any of thisnot my career tanking, not whether Im going to have health insurance or make rentbut I . . . I can control the way I react. So Im sorry I said it. About George. And about you. And . . . people do it to me all the time. In the"," dont know why. I mean, I know I was a little bit of a bitch. But I didnt do anything to hurt her. I didnt mean to. I just. I just. I just. I just. I just. I just. I just. I just. I just. I just. I just",Qwen/Qwen2.5-1.5B,Qwen/Qwen2.5-0.5B
booktection_03037_A.txt,booktection,1,member,1,0.5833846926689148,0.23272727272727278,1.401298464324817e-45,I have just witnessed a miracle! This morning Bert’s carpets were dark grey in colour. Now one is a red Axminster and the other is a blue Wilton. The carpets are hanging on the clothes line to dry. We have scraped all the floors clean and washed the furniture down with a fungicide disinfectant,. Pandora took the curtains down but they fell to pieces before she could get them to the sink.,. The carpets are dry and the furniture is dry. The only thing left to do is to vacuum the carpets. I have just finished vacuuming the blue Wilton. The blue Wilton is now a beautiful blue. The red Axminster is now a beautiful red. The miracle is that the red Axminster is now,Qwen/Qwen2.5-1.5B,Qwen/Qwen2.5-0.5B
booktection_01436_A.txt,booktection,1,member,0,1.0,0.22406639004149376,1.4776692306305196e-41,""" There are many Beths in the world, shy and quiet, sitting in corners till needed, and living for others so cheerfully that no one sees the sacrifices till the little cricket on the hearth stops chirping, and the sweet, sunshiny presence vanishes, leaving silence and shadow behind. If anybody"," had asked Amy what the greatest trial of her life was, she would have answered at once, ""My nose."" When she was a baby,Jo had accidently dropped her into the coal hod, and Amy insisted that the fall had ruined her nose forever."," asks, 'Who is that woman?' you will say, 'She is a Beth.' "" - Helen Keller
Beth is a word that is used to describe a woman who is quiet, shy, and reserved. It is a word that is used to describe a woman who is not very outgoing. It is a word",Qwen/Qwen2.5-1.5B,Qwen/Qwen2.5-0.5B
booktection_07633_A.txt,booktection,1,member,1,0.9858684539794922,0.2698412698412699,4.379202523727086e-32,"Watching their mother die, two young sons felt such rage that they sprang forth as their spirit wolves, though they were not yet men. With their father, they finished the creature. He never changed back to a man again. He lay for one day beside the body of the third wife, growling whenever anyone tried"," to touch her, and then he went into the forest and never returned. Taha Aki’s sons guarded the tribe until their sons were old enough to take their places. There were never more than three wolves at a time. It was enough. Occasionally a blood drinker would come through these lands, but they were", to approach. The sons were not satisfied. They killed the third wife and buried her beside the body of the first wife. They then killed the third husband and buried him beside the body of the second wife. The sons were not satisfied. They killed the third husband and buried him beside the body of the second wife.,Qwen/Qwen2.5-1.5B,Qwen/Qwen2.5-0.5B
booktection_02034_A.txt,booktection,1,member,1,0.5861858129501343,0.2674897119341564,2.5013317718044417e-39,"It was the diary of John Clayton, Lord Greystoke--kept in French, as had always been his custom. Tarzan replaced the box in the cupboard, but always thereafter he carried the features of the strong, smiling face of his father in his heart, and in his head a fixed determination to solve the mystery"," of the strange words in the little black book. At present he had more important business in hand, for his supply of arrows was exhausted, and he must needs journey to the black men's village and renew it."," of his own origin. He was not a child any longer, and he was not a man. He was a man-child, and he was determined to grow up to be a man. He was determined to be a man of action, and not a man of words. He was determined to be a man of action",Qwen/Qwen2.5-1.5B,Qwen/Qwen2.5-0.5B
booktection_09650_A.txt,booktection,1,member,0,1.0,0.29166666666666663,3.724529850062748e-24,"At that time the languages and letters were quite different from ours of today. English is used to represent the languages. But two points may be noted. In this story  dwarves  and  dwarvish  are used 1 , but only when speaking of the ancient people to whom Thorin Oakenshield"," and his companions belonged. It occurs in one or two places but is usually translated  goblin  (or  hobgoblin  for the larger kinds). At the time of this tale only the Dwarves made regular use of them, especially for private or secret records. Their runes are in this book represented by"," belongs. In the story  goblins  and  goblinish  are used 2 , but only when speaking of the goblins. The dwarves 3 , and the goblins 4 . The dwarves 5 , and the goblins 6 . The dwarves 7 , and the g",Qwen/Qwen2.5-1.5B,Qwen/Qwen2.5-0.5B
booktection_11161_A.txt,booktection,0,non_member,1,0.9115568995475769,0.30546623794212213,1.7866555420141418e-42,"The horrific massacre at My Lai, which is mentioned at various points throughout this book, was a real event, occurring on March 16, 1968. An estimated four hundred Vietnamese citizens—mainly old men, women, children, and babies—were raped, tortured, and killed by United"," States troops. Soldiers of Charlie Company testified to these horrific acts, including the  CC  and ace of spades carvings on the bodies of the victims."," States soldiers. The soldiers were led by Lieutenant William Calley, who was later convicted of war crimes. The My Lai massacre was a turning point in the Vietnam War, and it is still a source of controversy today. The book also mentions the My Lai massacre in the context of the broader context of the Vietnam",Qwen/Qwen2.5-1.5B,Qwen/Qwen2.5-0.5B
booktection_13516_A.txt,booktection,0,non_member,0,1.0,0.3031358885017421,7.628782344959914e-39,"Malcolm was the first customer Jo ever served when she started work in her uncle’s shop. He introduced himself slowly and politely. He was pleased to meet her; his name was Malcolm Buswell and he lived a few minutes’ walk away. Their interaction is fairly limited, but she often finds herself looking out for his"," tall, rangy figure from her vantage point in the window. It makes her smile to see his long legs striding down the alleyway, arms swinging. When she first met Malcolm she was reminded of Roald Dahl’s character, the Big Friendly Giant. Malcolm may not have the large protruding ears, but"," needs. Malcolm is a regular customer and he has been coming to the shop for over 20 years. He is a very kind man and he is always happy to help. He is a bit of a character, but he is a very nice man. He is a bit of a character, but he is a",Qwen/Qwen2.5-1.5B,Qwen/Qwen2.5-0.5B
booktection_09293_A.txt,booktection,1,member,1,0.12174955010414124,0.28125,0.0,"Next day messengers (who were chiefly squirrels and birds) were sent all over the country with a proclamation to the scattered Telmarines—including, of course, the prisoners in Beruna. They were told that Caspian was now King and that Narnia would henceforth belong to the Talking Beasts and"," the Dwarfs and Dryads and Fauns and  other creatures quite as much as to the men. Any who chose to stay under the new conditions might do so; but for those who did not like the idea, Aslan would provide another home. Anyone who wished to go there must come to Aslan and"," the Talking Flowers. The messengers were to bring back word of the new King's wishes and the wishes of the Talking Beasts and the Talking Flowers. The messengers were to be careful not to let the Narnians know that they were messengers, for they were to be trusted. They were to be given",Qwen/Qwen2.5-1.5B,Qwen/Qwen2.5-0.5B
booktection_03610_A.txt,booktection,1,member,3,0.014942375011742115,0.2026578073089701,7.47034566014882e-21,"As he bent his head in his most courtly manner, there was a secrecy in his smiling face, and he conveyed an air of mystery to those words, which struck the eyes and ears of his nephew forcibly. At the same time, the thin straight lines of the setting of the eyes, and the thin straight lips",", and the markings in the nose, curved with a sarcasm that looked handsomely diabolic.",", and the thin straight nose, and the thin straight chin, and the thin straight hair, and the thin straight beard, and the thin straight eyebrows, and the thin straight eyelashes, and the thin straight eyelids, and the thin straight eyelashes, and the thin straight eyelids, and the thin straight eyel",Qwen/Qwen2.5-1.5B,Qwen/Qwen2.5-0.5B
booktection_15994_A.txt,booktection,0,non_member,1,0.7456331253051758,0.2842465753424658,9.294050410595627e-29,"That must be why Im here. Base Paired it is. Hot Brit spreads his hands magnanimously. Its a clever idea, Felicity, and the timing was great. Or maybe hes not so good at the Google: anyone who knows me either personally or professionally knows that the only people who call me Felicity"," are my former schoolteachers, and even then only on the first day of class or when I was in trouble. Anyway, despite his patronizing tone, hes rightthe timing was great. I wrote Base Paired just as GeneticAlly launched the DNADuo app, and its publication dovetailed perfectly with the rising"," are the ones who know me personally. I have a lot of friends who are not in the business, and they are the ones who know me best. I have a lot of friends who are not in the business, and they are the ones who know me best. I have a lot of friends who are not in",Qwen/Qwen2.5-1.5B,Qwen/Qwen2.5-0.5B
booktection_11429_A.txt,booktection,0,non_member,0,1.0,0.23694779116465858,4.853652511426598e-29,"Agata’s shadow lands across me and I flinch. She only stares out over the land with an expression I can’t make out. It’s too big to take in, all the things that happened me. I don’t know which way to go with them. Once we’re in the city, I know,", there’ll only be more to try and understand. But it will be over; there will be an ending., I’ll have to start over. I’ll have to start over with my life. I’ll have to start over with my memories. I’ll have to start over with my love. I’ll have to start over with my heart. I’ll have to start over with my soul. I’ll have to start over with,Qwen/Qwen2.5-1.5B,Qwen/Qwen2.5-0.5B
booktection_15755_A.txt,booktection,0,non_member,3,0.0037433805409818888,0.3248175182481752,9.34055882422823e-25,"I have devoted an entire lifetime to escaping the confines of this wretched place, only to find myself further entangled in its gnarled roots and oppressed by its looming towers. I am now satisfied that no one born on this land can wipe the dust of it from ones heels. I held my flushed cheeks with the"," palm of my hands. Was this it? What I had been searching for all of these years? Wrenville Hall is a spectre that haunts us all from one generation to the next  I was almost too afraid to touch the paper  I had some irrational fear that, having survived all these years, it"," palm of my hand, and I felt the heat of the sun on my face. I felt the wind on my face, and I felt the sand on my face. I felt the sand on my face, and I felt the sand on my face. I felt the sand on my face, and I felt the sand",Qwen/Qwen2.5-1.5B,Qwen/Qwen2.5-0.5B
booktection_15954_A.txt,booktection,0,non_member,1,0.26608526706695557,0.3194444444444444,6.928640679602975e-33,"Were back here again, the two of you keeping secrets from me. Do you know how it feels for the two people you love the most to just leave you totally out in the cold? I feel as if the wind has been knocked out of me. No, thats great, Daphne, lets just go right"," back there. Call me in six months when hes dying to get married and youre on the verge of falling apart. Cant wait to clean that up. Again. I am expecting her to be upset, so Im trying to maintain my composure despite my heart beating out of my chest. I seriously dont know how you could"," back to the way things were. I dont want to hear about your new boyfriend, or your new job, or your new car. I dont want to hear about your new friends, or your new house, or your new clothes. I dont want to hear about your new husband, or your new wife, or your",Qwen/Qwen2.5-1.5B,Qwen/Qwen2.5-0.5B
booktection_02431_A.txt,booktection,1,member,3,0.025091785937547684,0.19999999999999996,0.0,"At first he felt nothing. The floor of the compartment was bare, smooth stone. Then, feeling deeper, reaching his arm in under the Rose Line, he touched something! A thick stone tablet. Getting his fingers around the edge, he gripped it and gently lifted the tablet out. As he stood and examined his"," find, he realized he was holding a rough-hewn stone slab with engraved words."," find, he saw that it was a small, square box. The lid was made of a dark wood, and the box itself was made of a lighter wood. He could see that the box was closed, but he could feel that it was not locked. He could feel that it was not locked because he could feel",Qwen/Qwen2.5-1.5B,Qwen/Qwen2.5-0.5B
booktection_13407_A.txt,booktection,0,non_member,0,1.0,0.2754716981132076,3.270578872688331e-30,"Even better to run  home  home, all those klicks west again, get to my island, stomp up the stairs, slam my bedroom door. For a moment I can smell the cool salty freshness, the clean linen. The riches we had. I close my eyes, breathe out the salt air of"," home. More real than what’s happening in front of me. Ash and B-Troop are near now, and when I look at our house mother I think she’s staring back at me till I realize she’s looking at Boyle. I glance behind and he’s returning her look, his eyes narrowed, his face"," the sea, the air of the island, the air of the house, the air of the room, the air of the bed, the air of the sheets, the air of the pillow, the air of the night, the air of the morning, the air of the day, the air of the world, the",Qwen/Qwen2.5-1.5B,Qwen/Qwen2.5-0.5B
booktection_11382_A.txt,booktection,0,non_member,0,1.0,0.2204081632653061,1.418284627460969e-32,"But I neither longed for nor resented him, as Id always sensed he believed. Though Id been hurt and humiliated by his rejection, it had, I soon realized, freed me and offered clarity. I would never again risk poisoning TNO for myself by falling for or trying to date anyone there. And this"," decision made me see that there was a different way I wrote when, even subconsciously, I was seeking male approval, male sexual approval: a more coy way, more reserved, more nervous about being perceived as angry or vulgar."," was a relief. I had been in love with TNO for years, and I had been hurt by his rejection. I had been hurt by his rejection, and I had been in love with TNO for years. I had been in love with TNO for years, and I had been hurt by his rejection.",Qwen/Qwen2.5-1.5B,Qwen/Qwen2.5-0.5B
booktection_12252_A.txt,booktection,0,non_member,1,0.9884138703346252,0.2551020408163265,0.0,"As a species, Bliddits were far from imposing. They stood merely a meter tall, with rounded, bulbous bodies, short legs, and thin arms. In contrast, Liquilids, his own kind, grew six times longer, boasting powerful muscles capable of crushing any prey. Not that they had resorted"," to such primitive methods of obtaining food in over a thousand years, but the strength remained ingrained in their biology."," to that yet. Bliddits were peaceful creatures, content to live in small groups and forage for food. They were also very curious, and often ventured into the open to explore. This was a mistake. Liquilids were not so forgiving. They were quick to attack, and their powerful arms were capable of",Qwen/Qwen2.5-1.5B,Qwen/Qwen2.5-0.5B
booktection_01797_A.txt,booktection,1,member,0,1.0,0.23904382470119523,6.534373354016953e-35,"You will,' said Rose, after a pause, 'take some money from me, which may enable you to live without dishonesty--at all events until we meet again?' 'Not a penny,' replied the girl, waving her hand. 'Do not close your heart against all my efforts to help you,' said Rose",", stepping gently forward. 'I wish to serve you indeed.' 'You would serve me best, lady,' replied the girl, wringing her hands, 'if you could take my life at once; for I have felt more grief to think of what I am, to-night, than I ever did before, and",. 'I am not a selfish person. I have no selfishness in my heart. I am not a woman who would take advantage of you. I am not a woman who would be a thief. I am not a woman who would be a liar. I am not a woman who would be a cheat. I,Qwen/Qwen2.5-1.5B,Qwen/Qwen2.5-0.5B
booktection_08940_A.txt,booktection,1,member,0,1.0,0.2857142857142857,0.0,"Marner was highly thought of in that little hidden world, known to itself as the church assembling in Lantern Yard; he was believed to be a young man of exemplary life and ardent faith; and a peculiar interest had been centred in him ever since he had fallen, at a prayer-meeting, into a mysterious"," rigidity and suspension of consciousness, which, lasting for an hour or more, had been mistaken for death. To have sought a medical explanation for this phenomenon would have been held by Silas himself, as well as by his minister and fellow-members, a wilful self-exclusion from the spiritual significance that might lie therein"," trance, and been seen to rise from the ground, and walk about the room, and then to vanish. The story of this trance was told in the church, and was believed by all to be true. It was said that the young man had been in a state of ecstasy, and had been carried away by the",Qwen/Qwen2.5-1.5B,Qwen/Qwen2.5-0.5B
booktection_14532_A.txt,booktection,0,non_member,2,0.05208748206496239,0.31986531986531985,1.244654952533595e-27,"Even as that thought occurs to him, an extraordinary thing happens. A quarter of a mile earlier, leaving Protean Cybernetics, Gog and Magog crossed the nearest highway; they are a mile and a half from the next two-lane back road, between towns and in rough terrain. They top a rise",", and at the bottom of the hill stands an SUV, recently arrived and warm enough to project a strong heat signature. As the dog-form robots pass the vehicle, an eerie figure materializes beyond it, a tall man, all but faceless in this green light that favors shape over detail. He isnt as bright as",", and the road is in sight. They are in the middle of a field, and the road is on the far side of the field. They are in the middle of a field, and the road is on the far side of the field. They are in the middle of a field, and the road is on",Qwen/Qwen2.5-1.5B,Qwen/Qwen2.5-0.5B
booktection_04977_A.txt,booktection,1,member,2,0.005283782724291086,0.2668918918918919,0.0,"""Three's enough."" Piggy's glasses flashed. ""I was with him when he found the conch. I was with him before anyone else was."" Jack and the others paid no attention. There was a general dispersal. Ralph, Jack and Simon jumped off the platform and walked along the sand past the bathing"," pool. Piggy hung bumbling behind them. ""If Simon walks in the middle of us,"" said Ralph, ""then we could talk over his head."" The three of them fell into step. This meant that every now and then Simon had to do a double shuffle to catch up with the others. Presently Ralph", pool. The water was still warm from the sun. The children had not yet had time to dry off. They were still wearing their bathing suits. The sun was shining on their hair and skin. The sand was still warm to the touch. The children were still hungry. They had not eaten since breakfast. They were,Qwen/Qwen2.5-1.5B,Qwen/Qwen2.5-0.5B
booktection_07420_A.txt,booktection,1,member,1,0.302977055311203,0.27142857142857146,0.0,"I whipped my head around and saw her coming from a hall half-hidden behind the stairway. She had Bella cradled gently in her arms, a harsh sneer on her face for me. Like I’d brought her the greatest gift ever. I watched how carefully Rosalie laid Bella out on the couch. I"," watched how, despite that, Bella turned white and held her breath—like she was set on not making any noise no matter how much it hurt. He tried to make it look as if he was just sweeping her hair back, but it looked like a doctor’s examination to me. It doesn’t help us take care", watched her turn off the lights and lock the door. I watched her sit down on the edge of the couch and wrap her arms around her knees. I watched her cry. I watched her sob. I watched her scream. I watched her over and over again. I was so far away. I was so far away,Qwen/Qwen2.5-1.5B,Qwen/Qwen2.5-0.5B
booktection_12344_A.txt,booktection,0,non_member,0,1.0,0.2589641434262948,1.7095841264762768e-43,"Youve really got to stop doing this, one of the EMTs joked, yelling over the sound of the blades. Last time, I promise, I mumbled, and he shushed me again. And then, despite my best efforts, I faded. Consciousness seeped back slowly, punctuated by"," the soft beeping of a monitor. With my eyes closed and my body cocooned in the half oblivion of morphine, I might have been eleven years old again."," flashes of light. I could feel the blade, the cold metal of it, and I could feel the heat of the fire. I could feel the heat of the fire, and I could feel the blade, the cold metal of it. I could feel the heat of the fire, and I could feel the blade,",Qwen/Qwen2.5-1.5B,Qwen/Qwen2.5-0.5B
booktection_00345_A.txt,booktection,1,member,1,0.4136996269226074,0.27459016393442626,2.0022573058653695e-37,"As Nippers once observed, Turkeys money went chiefly for red ink. One winter day I presented Turkey with a highly-respectable looking coat of my own, a padded gray coat, of a most comfortable warmth, and which buttoned straight up from the knee to the neck. I thought Turkey would appreciate the favor",", and abate his rashness and obstreperousness of afternoons. But no. I verily believe that buttoning himself up in so downy and blanket-like a coat had a pernicious effect upon him; upon the same principle that too much oats are bad for horses.",", but he did not. He was not a man to be won by a coat of any kind. He was a man of the old school, and he was not a man to be won by a coat of any kind. He was a man of the old school, and he was not a man to be won",Qwen/Qwen2.5-1.5B,Qwen/Qwen2.5-0.5B
booktection_03090_A.txt,booktection,1,member,0,1.0,0.3107142857142857,1.5414283107572988e-44,"He walked in and scanned the room. Could this even be the same place? He shuddered at the whisper of lurking dark thoughts and again locked them out. Across the room a hallway disappeared at an angle. Glancing around the corner into the living room, his eyes searched out the spot near the fireplace, but"," there was no stain marring the wood surface. He noticed that the room was decorated tastefully, with art that looked like it had been either drawn or handcrafted by children.", it was empty. He turned back to the kitchen and began to walk toward the door. The door was locked. He tried the handle and it was locked. He tried the knob and it was locked. He tried the latch and it was locked. He tried the hinges and they were locked. He tried the hinges and,Qwen/Qwen2.5-1.5B,Qwen/Qwen2.5-0.5B
booktection_11503_A.txt,booktection,0,non_member,0,1.0,0.2740524781341108,7.94918783752932e-40,"She had a list of everyone from the central office who  would be there tomorrow, plus the coaching supervisors from some key regions. Next to each, she’d highlighted strengths, weaknesses, and special skills. I flipped the pages. When I met her gaze, she was quick to explain, so quick it was more like"," me fumbling for words than how Pearl normally spoke. “If you’re planning to arrange it with central leadership and marketing versus accounting and coaching, I think the numbers would be balanced, but we’d have a slight advantage even though there might be more athletes on the coaching and accounting team.” She pointed one delicate finger at"," a blur. “I’m not sure I can do this. I’m not sure I’m cut out for this. I’m not sure I can do this.” I was in the middle of a meeting, and I was not cut out for this. I was not cut out for this. I was not cut out",Qwen/Qwen2.5-1.5B,Qwen/Qwen2.5-0.5B
booktection_02575_A.txt,booktection,1,member,0,1.0,0.2008196721311475,2.897885224223722e-42,"The speed with which the current caught him was frightening. He felt himself propelled downriver instead of across. The water rushed over his head and he forced himself up through it to catch his breath. In the darkness he could not see how far out into the river he had been swept, but he could feel the current;"," he continued kicking his way across it, even as it pushed him sideways against his will."," it was strong. He was not sure how long he had been in the water, but he knew that he had to get out of it. He could not swim, but he knew that he could walk. He had to walk. He had to get out of the river and find a place where he could walk.",Qwen/Qwen2.5-1.5B,Qwen/Qwen2.5-0.5B
booktection_15064_A.txt,booktection,0,non_member,0,1.0,0.25,1.484952021970044e-29,"In one photo hes holding a cigarette in each hand, arms out like a scarecrow. Rachel Popa, Beth Docherty, and Donna Goldbeck, posing like Charlies Angels. Beth, like Bendt and Sakina John and Mike Stiles, is fresh from the Camelot stage. Sakina still wears her"," Morgan le Fay makeup, the long wings of eyeliner. The fact that Mikes cast had just come off put a speed limit on the night; the group couldnt have run down the trail either there or back. Dorian Culler. Theres a shot of just him, leaning against a tree, eyes"," stage costume, but she's not in a play. She's in a movie. She's in a movie about a movie. She's in a movie about a movie about a movie. She's in a movie about a movie about a movie about a movie. She's in a movie about a movie about a movie",Qwen/Qwen2.5-1.5B,Qwen/Qwen2.5-0.5B
